x,y,z,theta_init
0.0,65.939,53.101,6.651
-9.444,65.001,52.63,8.284
-19.681,61.889,52.936,10.93
-30.409,57.434,53.106,14.094
-40.767,51.227,53.31,17.921
-49.822,43.529,53.591,22.735
-56.711,34.869,53.999,28.38
-61.317,26.069,54.439,33.176
-63.99,17.902,54.784,36.879
-65.221,10.779,54.939,39.676
-66.547,4.514,55.122,41.425
-66.569,-1.501,55.117,41.912
-65.302,-7.645,55.078,43.338
-64.083,-14.837,55.212,46.02
-61.199,-23.95,55.146,49.429
-55.926,-34.552,54.856,54.428
-47.938,-44.758,54.448,61.863
-37.658,-52.685,54.127,69.842
-26.724,-57.979,53.927,75.011
-17.016,-60.99,53.781,77.912
-9.353,-62.357,53.655,79.355
-3.036,-63.437,53.973,79.543
3.036,-63.438,53.972,79.392
9.119,-59.995,54.416,78.465
17.745,-64.206,52.715,76.226
27.92,-61.154,52.803,72.819
39.415,-55.618,52.867,67.404
50.254,-47.078,52.873,59.414
58.475,-36.148,52.808,52.157
63.692,-24.972,52.732,47.386
66.413,-15.397,52.675,44.143
67.449,-7.838,52.627,41.547
68.273,-1.51,53.144,40.161
68.249,4.56,53.157,39.695
67.244,11.044,52.651,37.954
65.938,18.465,52.703,35.133
63.072,26.911,52.758,31.357
58.13,35.893,52.816,26.469
49.9,43.613,53.532,20.763
40.833,51.326,53.261,15.944
30.78,58.217,52.8,12.189
19.878,62.512,52.724,9.237
9.444,65.001,52.63,7.119
-4.752,66.607,55.72,7.578
-14.836,64.077,56.26,9.785
-25.721,60.385,56.583,12.562
-36.669,54.869,56.925,15.836
-46.813,47.702,57.329,19.844
-55.195,39.295,57.879,24.879
-61.287,30.377,58.545,29.95
-65.204,21.8,59.154,34.229
-67.254,14.198,59.531,37.833
-67.995,7.605,59.622,40.514
-68.109,1.515,59.589,41.808
-67.991,-4.542,59.699,42.516
-67.158,-11.013,60.038,45.039
-64.837,-18.942,60.223,48.485
-60.217,-28.791,60.006,52.707
-52.926,-39.222,59.481,58.662
-43.288,-48.127,58.856,66.579
-32.305,-54.626,58.355,72.815
-21.755,-58.75,57.993,76.666
-13.076,-60.937,57.69,78.811
-6.197,-61.828,57.455,79.579
0.0,-62.029,57.363,79.5
6.197,-61.835,57.453,79.097
13.898,-66.032,55.956,77.469
23.29,-63.918,56.143,74.678
34.673,-59.63,56.319,70.463
46.615,-52.53,56.406,64.115
57.002,-42.509,56.315,56.3
64.419,-31.027,56.137,50.567
68.821,-20.306,55.983,46.551
70.801,-11.633,55.865,43.229
71.342,-4.668,55.772,40.766
71.379,1.53,55.748,40.084
71.259,7.849,55.815,38.81
70.444,14.891,55.927,36.131
68.176,22.995,56.047,32.485
63.836,31.949,56.181,28.123
55.327,39.414,57.77,22.97
46.927,47.849,57.24,17.903
37.453,56.268,56.288,13.928
26.167,61.524,56.15,10.787
15.052,64.973,55.951,8.346
4.752,66.607,55.72,6.925
0.0,68.505,60.717,7.656
-10.146,66.934,61.312,9.183
-21.321,64.134,61.804,11.542
-33.017,59.432,62.264,14.3
-44.478,52.929,62.697,17.564
-54.799,44.9,63.139,21.59
-63.11,35.872,63.642,26.331
-69.048,26.706,64.145,30.81
-72.6,18.28,64.547,34.997
-74.107,11.052,64.707,38.786
-74.431,4.653,64.656,41.269
-74.412,-1.555,64.638,41.975
-74.027,-7.836,64.98,44.013
-72.393,-15.023,65.414,47.69
-68.436,-24.182,65.526,51.893
-61.503,-34.95,65.249,56.816
-51.796,-45.323,64.736,63.345
-40.241,-53.443,64.154,70.216
-28.423,-58.945,63.637,74.897
-18.095,-62.114,63.171,77.745
-9.987,-63.554,62.765,79.262
-3.242,-63.995,62.514,79.464
3.242,-63.998,62.514,79.304
9.988,-63.569,62.76,78.337
19.202,-66.911,61.416,76.022
30.206,-63.682,61.768,72.692
44.527,-60.875,60.609,67.794
55.158,-49.046,62.089,60.933
65.283,-37.771,61.872,54.592
72.232,-26.157,61.554,49.897
75.983,-16.146,61.257,45.862
77.323,-8.225,61.008,42.277
77.511,-1.579,60.872,40.282
77.509,4.764,60.921,39.599
77.107,11.567,61.12,37.138
75.379,19.323,61.379,33.343
71.459,28.143,61.643,29.1
63.226,35.969,63.535,24.538
54.905,45.023,63.05,19.741
44.566,53.068,62.623,15.715
33.57,60.629,61.752,12.532
21.627,65.111,61.436,9.993
10.276,67.713,61.036,8.136
-5.242,70.01,65.6,9.063
-16.398,67.444,66.5,10.98
-28.522,63.615,67.087,13.342
-40.901,57.875,67.602,16.069
-52.722,50.415,68.047,19.339
-63.075,41.606,68.459,23.367
-71.221,32.131,68.853,27.673
-76.776,22.945,69.21,31.923
-79.655,14.878,69.453,36.374
-80.554,7.981,69.442,40.005
-80.595,1.597,69.352,41.836
-80.486,-4.77,69.517,42.879
-79.536,-11.494,70.042,46.341
-76.518,-19.759,70.425,50.822
-70.291,-30.234,70.404,55.348
-60.805,-41.503,70.082,60.71
-48.927,-51.287,69.562,67.305
-36.11,-58.376,68.982,72.654
-24.187,-62.804,68.409,76.191
-14.498,-65.062,67.867,78.362
-6.841,-65.894,67.449,79.185
0.0,-66.046,67.285,79.111
6.841,-65.902,67.446,78.688
14.502,-65.085,67.859,77.006
25.521,-67.215,66.628,74.207
38.065,-62.615,67.065,70.336
51.568,-55.129,67.309,64.899
64.025,-44.663,67.208,58.421
73.729,-32.68,66.846,53.284
79.937,-21.428,66.415,48.963
82.762,-12.292,66.022,44.612
83.463,-4.938,65.739,41.221
83.49,1.618,65.672,40.207
83.389,8.294,65.858,38.406
82.3,15.71,66.192,34.797
79.066,24.233,66.56,30.33
73.094,33.628,66.899,26.014
63.169,41.707,68.371,21.636
52.804,50.532,67.973,17.581
41.548,59.099,66.995,14.351
28.921,64.658,66.645,11.766
16.607,68.308,66.165,9.731
5.242,70.01,65.6,8.501
0.0,72.348,69.717,9.578
-11.128,70.303,70.715,10.876
-23.418,67.402,71.412,12.886
-36.381,62.498,72.021,15.206
-49.3,55.728,72.524,17.916
-61.332,47.371,72.927,21.207
-71.602,37.911,73.26,25.09
-79.405,28.202,73.546,29.128
-84.261,19.229,73.802,33.517
-86.288,11.602,73.9,38.053
-86.666,4.892,73.798,41.164
-86.618,-1.636,73.776,42.13
-86.211,-8.215,74.209,44.728
-84.202,-15.73,74.762,49.214
-79.075,-25.419,74.975,53.929
-70.172,-36.93,74.853,58.612
-58.237,-48.109,74.489,64.239
-44.719,-56.911,73.944,70.038
-31.401,-62.839,73.333,74.173
-19.949,-66.209,72.711,76.88
-10.981,-67.668,72.157,78.422
-3.548,-68.055,71.814,78.663
3.548,-68.058,71.813,78.498
10.983,-67.682,72.152,77.51
20.915,-70.278,70.973,75.199
32.892,-66.797,71.515,72.034
46.763,-60.63,71.933,67.701
60.852,-51.381,72.038,61.925
73.143,-39.64,71.756,56.49
82.176,-27.514,71.277,52.031
87.275,-17.012,70.779,47.485
89.092,-8.679,70.359,43.101
89.327,-1.668,70.134,40.554
89.335,5.029,70.213,39.616
88.817,12.19,70.541,36.542
86.469,20.329,70.973,32.028
81.217,29.574,71.396,27.609
71.682,37.991,73.174,23.503
61.405,47.466,72.854,19.57
49.362,55.832,72.463,16.285
36.864,63.577,71.491,13.661
23.71,68.336,71.003,11.556
11.263,71.099,70.388,9.995
-5.647,72.693,74.499,11.283
-17.891,70.78,75.276,12.916
-31.161,66.774,75.968,14.905
-44.835,60.782,76.544,17.189
-58.152,53.021,76.99,19.907
-70.26,43.853,77.319,23.202
-80.301,33.923,77.56,26.875
-87.487,24.21,77.774,30.874
-91.324,15.654,77.967,35.626
-92.526,8.39,77.936,39.767
-92.575,1.68,77.832,41.956
-92.462,-5.015,78.025,43.264
-91.342,-12.074,78.613,47.28
-87.567,-20.809,79.02,52.248
-79.704,-31.96,79.069,56.745
-68.078,-43.971,78.875,61.548
-54.134,-54.463,78.453,67.132
-39.683,-62.071,77.876,71.743
-26.519,-66.823,77.234,74.931
-15.88,-69.206,76.602,77.027
-7.467,-70.028,76.109,77.881
0.0,-70.151,75.915,77.832
7.468,-70.035,76.106,77.401
15.883,-69.226,76.593,75.746
27.644,-70.472,75.451,73.053
41.261,-65.552,75.99,69.552
56.184,-57.662,76.298,64.859
70.546,-46.753,76.199,59.394
82.395,-34.282,75.771,54.811
90.362,-22.523,75.226,50.512
91.413,-12.097,78.512,45.679
92.535,-5.02,77.921,41.743
95.063,1.707,74.25,40.469
94.926,8.737,74.492,38.321
93.478,16.517,74.928,34.225
89.249,25.441,75.404,29.488
80.367,33.986,77.479,25.445
70.322,43.928,77.249,21.714
58.207,53.105,76.93,18.396
44.88,60.87,76.493,15.722
31.192,66.858,75.926,13.575
18.102,71.645,74.871,11.881
5.65,72.724,74.485,10.815
0.0,74.67,78.128,12.373
-12.083,73.733,78.725,13.451
-25.435,70.689,79.476,15.141
-39.575,65.548,80.117,17.089
-53.827,58.486,80.623,19.361
-67.405,49.798,80.988,22.089
-79.459,39.947,81.231,25.298
-89.037,29.768,81.407,28.849
-95.244,20.286,81.602,33.075
-97.921,12.217,81.711,37.83
-98.459,5.147,81.613,41.236
-98.412,-1.721,81.597,42.397
-97.947,-8.65,82.054,45.304
-95.502,-16.6,82.588,50.111
-89.146,-26.909,82.781,54.883
-78.289,-39.13,82.727,59.19
-64.245,-50.999,82.464,64.05
-48.943,-60.389,81.983,68.959
-34.264,-66.738,81.378,72.558
-21.761,-70.351,80.731,75.036
-11.961,-71.88,80.144,76.529
-3.848,-72.249,79.777,76.82
3.848,-72.251,79.776,76.661
11.962,-71.892,80.138,75.696
21.767,-70.376,80.718,73.503
35.475,-69.935,79.538,70.595
50.535,-63.387,79.994,66.805
66.222,-53.709,80.116,61.916
80.539,-41.498,79.828,57.239
89.197,-26.95,82.707,53.142
95.56,-16.63,82.5,48.534
98.009,-8.662,81.958,43.835
98.473,-1.722,81.501,40.987
98.521,5.151,81.517,39.858
100.003,12.818,78.478,36.507
96.98,21.338,78.967,31.804
90.412,31.0,79.435,27.576
79.509,40.005,81.165,23.977
67.451,49.863,80.931,20.728
53.866,58.556,80.573,18.008
39.605,65.617,80.075,15.818
25.454,70.751,79.442,14.062
12.09,73.775,78.703,12.741
-6.109,76.238,81.807,14.534
-19.354,74.226,82.588,15.923
-33.72,70.005,83.273,17.594
-48.609,63.727,83.832,19.514
-63.307,55.642,84.25,21.782
-77.024,46.114,84.528,24.479
-88.835,35.762,84.7,27.553
-97.619,25.568,84.858,31.109
-102.496,16.523,85.063,35.684
-104.109,8.842,85.067,39.885
-104.233,1.767,84.977,42.215
-104.107,-5.284,85.177,43.683
-102.769,-12.763,85.731,47.841
-98.168,-22.07,86.051,52.791
-88.643,-33.912,86.088,56.977
-74.949,-46.604,85.959,61.179
-59.082,-57.719,85.619,65.872
-43.133,-65.822,85.099,69.782
-28.81,-70.924,84.488,72.565
-17.253,-73.48,83.873,74.498
-8.093,-74.335,83.386,75.356
0.0,-74.447,83.193,75.352
8.093,-74.341,83.383,74.93
17.256,-73.497,83.863,73.379
28.819,-70.951,84.471,70.911
43.149,-65.857,85.074,67.834
59.107,-57.76,85.585,63.839
74.983,-46.646,85.912,59.252
88.682,-33.951,86.028,55.247
98.213,-22.102,85.977,51.241
102.819,-12.782,85.645,46.422
104.158,-5.289,85.088,42.35
104.284,1.768,84.889,40.921
104.16,8.851,84.98,38.64
104.215,17.345,82.127,34.507
98.973,26.674,82.611,29.977
88.874,35.805,84.639,26.404
77.061,46.163,84.474,23.288
63.339,55.695,84.203,20.575
48.636,63.782,83.791,18.345
33.74,70.057,83.238,16.543
19.364,74.269,82.562,15.111
6.111,76.259,81.795,14.157
0.0,78.356,84.781,16.367
-13.037,77.367,85.346,17.271
-27.43,74.14,86.05,18.705
-42.704,68.723,86.644,20.346
-58.217,61.337,87.108,22.244
-73.242,52.294,87.435,24.475
-86.96,42.048,87.636,27.052
-98.233,31.42,87.776,30.01
-105.804,21.447,87.972,33.743
-109.222,12.908,88.137,38.212
-110.002,5.427,88.076,41.55
-109.979,-1.813,88.073,42.804
-109.428,-9.15,88.499,45.727
-106.486,-17.633,88.92,50.366
-98.843,-28.615,89.019,54.779
-86.061,-41.526,88.972,58.525
-70.011,-54.035,88.77,62.59
-53.048,-63.979,88.366,66.63
-37.092,-70.764,87.832,69.659
-23.576,-74.661,87.245,71.834
-12.949,-76.304,86.706,73.225
-4.152,-76.686,86.363,73.574
4.152,-76.688,86.362,73.433
12.951,-76.314,86.699,72.528
23.58,-74.68,87.232,70.549
37.102,-70.791,87.811,67.995
53.065,-64.012,88.337,64.785
70.035,-54.07,88.731,60.752
86.09,-41.56,88.922,56.839
98.876,-28.646,88.958,53.27
106.524,-17.656,88.846,49.002
109.47,-9.16,88.418,44.47
110.02,-1.814,87.992,41.609
110.043,5.43,87.996,40.392
109.262,12.921,88.06,37.124
107.15,22.39,85.396,32.73
99.284,32.484,85.833,29.021
86.988,42.083,87.587,26.039
73.267,52.333,87.392,23.434
58.239,61.378,87.07,21.211
42.722,68.764,86.611,19.378
27.442,74.176,86.023,17.886
13.041,77.393,85.329,16.729
-6.579,80.084,87.792,19.196
-20.831,77.934,88.487,20.417
-36.281,73.457,89.093,21.842
-52.349,66.856,89.586,23.449
-68.369,58.41,89.956,25.29
-83.611,48.493,90.201,27.39
-97.101,37.708,90.354,29.785
-107.443,27.037,90.512,32.671
-113.406,17.496,90.768,36.625
-115.509,9.351,90.838,40.431
-115.757,1.863,90.776,42.656
-115.61,-5.589,90.964,44.135
-114.01,-13.569,91.413,48.003
-108.516,-23.524,91.58,52.448
-97.315,-36.069,91.555,56.017
-81.62,-49.426,91.443,59.446
-63.931,-61.142,91.168,63.177
-46.563,-69.748,90.735,66.331
-31.121,-75.234,90.217,68.66
-18.652,-78.007,89.686,70.371
-8.734,-78.932,89.26,71.219
0.0,-79.048,89.088,71.274
8.734,-78.937,89.256,70.872
18.654,-78.02,89.676,69.481
31.127,-75.253,90.199,67.333
46.574,-69.772,90.71,64.753
63.947,-61.169,91.136,61.515
81.64,-49.454,91.402,57.858
97.339,-36.095,91.505,54.581
108.543,-23.546,91.519,51.155
114.041,-13.583,91.343,46.824
115.643,-5.592,90.891,43.04
115.789,1.864,90.705,41.602
115.541,9.357,90.768,39.433
113.434,17.511,90.705,35.711
107.466,27.059,90.461,31.823
97.122,37.732,90.311,28.943
83.629,48.519,90.163,26.525
68.386,58.439,89.922,24.414
52.363,66.885,89.556,22.6
36.291,73.486,89.067,21.078
20.837,77.957,88.467,19.824
6.58,80.096,87.782,18.908
0.0,82.433,90.141,21.892
-14.019,81.365,90.622,22.711
-29.469,77.914,91.214,23.969
-45.874,72.182,91.716,25.355
-62.624,64.428,92.112,26.883
-79.047,54.988,92.397,28.575
-94.36,44.311,92.58,30.436
-107.268,33.211,92.727,32.621
-116.197,22.736,92.96,35.539
-120.412,13.69,93.202,39.25
-121.491,5.741,93.193,42.153
-121.509,-1.916,93.201,43.358
-120.846,-9.728,93.555,45.983
-117.345,-18.827,93.802,49.973
-108.372,-30.521,93.768,53.614
-93.694,-44.129,93.685,56.534
-75.714,-57.279,93.512,59.607
-57.16,-67.787,93.187,62.659
-39.962,-75.037,92.758,65.054
-25.437,-79.26,92.283,66.886
-13.972,-81.059,91.839,68.145
-4.467,-81.478,91.553,68.552
4.467,-81.48,91.551,68.438
13.973,-81.066,91.832,67.616
25.441,-79.274,92.269,65.918
39.969,-75.055,92.737,63.793
57.17,-67.808,93.16,61.25
75.727,-57.301,93.479,58.188
93.71,-44.15,93.645,55.216
108.391,-30.54,93.719,52.419
117.367,-18.841,93.744,48.888
120.871,-9.734,93.492,44.989
121.534,-1.917,93.139,42.424
121.515,5.744,93.132,41.257
120.434,13.698,93.145,38.431
116.215,22.75,92.914,34.806
107.283,33.227,92.689,31.929
94.373,44.328,92.548,29.741
79.058,55.007,92.367,27.863
62.635,64.448,92.085,26.175
45.882,72.201,91.692,24.688
29.475,77.933,91.195,23.4
14.021,81.378,90.608,22.326
-7.072,84.4,92.483,25.533
-22.37,82.074,93.041,26.661
-38.929,77.3,93.527,27.89
-56.185,70.328,93.928,29.18
-73.514,61.472,94.237,30.534
-90.24,51.112,94.454,31.943
-105.358,39.849,94.61,33.508
-117.223,28.667,94.8,35.491
-124.291,18.595,95.123,38.431
-126.934,9.929,95.269,41.427
-127.337,1.971,95.242,43.292
-127.165,-5.936,95.397,44.607
-125.256,-14.499,95.692,47.768
-118.809,-25.161,95.67,51.253
-105.928,-38.435,95.552,53.877
-88.224,-52.401,95.59,56.267
-68.817,-64.801,95.222,58.835
-50.067,-73.957,94.86,61.116
-33.506,-79.867,94.463,62.945
-20.108,-82.901,94.054,64.4
-9.406,-83.928,93.719,65.216
0.0,-84.06,93.58,65.329
9.406,-83.931,93.715,64.963
20.11,-82.909,94.043,63.771
33.51,-79.879,94.446,62.011
50.073,-73.971,94.838,60.005
68.826,-64.817,95.193,57.656
88.236,-52.418,95.554,55.124
105.941,-38.449,95.514,52.821
118.823,-25.173,95.624,50.285
125.273,-14.507,95.639,46.884
127.183,-5.938,95.343,43.793
127.354,1.971,95.189,42.516
126.95,9.933,95.219,40.707
124.304,18.603,95.08,37.795
117.233,28.677,94.767,34.926
105.366,39.86,94.583,32.964
90.248,51.124,94.43,31.391
73.521,61.484,94.216,29.975
56.191,70.341,93.909,28.634
38.933,77.312,93.509,27.392
22.372,82.085,93.027,26.267
7.073,84.406,92.476,25.329
0.0,87.081,94.227,28.967
-15.062,85.908,94.597,29.796
-31.619,82.193,95.047,30.912
-49.192,76.095,95.433,32.031
-67.199,67.919,95.746,33.127
-85.012,58.016,95.993,34.187
-101.89,46.846,96.157,35.231
-116.395,35.217,96.328,36.481
-126.67,24.191,96.616,38.322
-131.713,14.582,96.94,40.893
-133.125,6.099,96.984,43.04
-133.193,-2.033,97.008,44.042
-132.393,-10.392,97.249,46.074
-128.275,-20.178,97.287,48.993
-117.938,-32.624,97.099,51.492
-101.33,-46.893,97.178,53.321
-81.46,-60.715,96.994,55.174
-61.387,-71.906,96.529,57.086
-42.941,-79.663,96.213,58.767
-27.385,-84.256,95.869,60.21
-15.05,-86.249,95.542,61.293
-4.802,-86.727,95.326,61.728
4.802,-86.728,95.325,61.647
15.051,-86.253,95.535,60.941
27.387,-84.263,95.856,59.581
42.945,-79.672,96.195,57.957
61.392,-71.916,96.507,56.185
81.467,-60.726,96.965,54.259
101.338,-46.904,97.145,52.449
117.947,-32.634,97.065,50.678
128.285,-20.185,97.246,48.241
132.405,-10.395,97.205,45.384
133.204,-2.033,96.964,43.4
133.136,6.1,96.942,42.432
131.722,14.586,96.903,40.355
126.677,24.197,96.587,37.863
116.4,35.223,96.306,36.065
101.894,46.852,96.138,34.822
85.016,58.022,95.975,33.772
67.203,67.926,95.73,32.712
49.195,76.103,95.418,31.634
31.621,82.199,95.035,30.564
15.063,85.913,94.588,29.551
-7.608,89.372,95.897,33.214
-24.023,86.832,96.295,34.237
-41.752,81.711,96.645,35.233
-60.244,74.311,96.942,36.143
-78.903,64.963,97.226,36.942
-97.11,54.084,97.425,37.618
-113.838,42.28,97.538,38.298
-127.205,30.518,97.77,39.253
-135.383,19.851,98.166,40.919
-138.595,10.592,98.386,42.804
-139.167,2.093,98.398,44.096
-138.964,-6.334,98.496,45.081
-136.701,-15.557,98.608,47.199
-129.249,-26.978,98.382,49.371
-114.668,-41.006,98.25,50.817
-95.036,-55.717,98.353,52.007
-73.87,-68.783,97.909,53.306
-53.725,-78.541,97.541,54.634
-36.012,-84.919,97.268,55.898
-21.648,-88.255,96.987,57.025
-10.121,-89.414,96.752,57.738
0.0,-89.568,96.661,57.882
10.121,-89.415,96.748,57.579
21.648,-88.258,96.978,56.652
36.014,-84.924,97.254,55.36
53.727,-78.546,97.525,54.009
73.873,-68.789,97.888,52.647
95.04,-55.724,98.327,51.356
114.673,-41.012,98.223,50.193
129.254,-26.983,98.352,48.776
136.707,-15.56,98.574,46.647
138.97,-6.335,98.462,44.573
139.174,2.094,98.365,43.617
138.6,10.593,98.356,42.371
135.388,19.854,98.142,40.554
127.208,30.522,97.753,38.945
113.841,42.284,97.524,38.012
97.112,54.087,97.413,37.333
78.905,64.967,97.214,36.653
60.246,74.314,96.931,35.856
41.754,81.715,96.635,34.964
24.024,86.835,96.287,34.014
7.608,89.374,95.893,33.088
0.0,92.479,97.031,36.801
-16.203,91.175,97.281,37.664
-33.948,87.148,97.58,38.559
-52.76,80.627,97.844,39.338
-72.08,71.955,98.079,39.958
-91.309,61.498,98.364,40.403
-109.756,49.754,98.459,40.699
-125.848,37.514,98.626,41.045
-137.46,25.858,98.974,41.732
-143.344,15.607,99.378,42.959
-145.105,6.508,99.474,44.141
-145.227,-2.166,99.504,44.81
-144.262,-11.15,99.609,46.029
-139.473,-21.69,99.424,47.6
-127.747,-34.938,99.078,48.754
-109.276,-50.016,99.264,49.427
-87.521,-64.606,98.948,50.076
-65.829,-76.419,98.471,50.879
-46.088,-84.731,98.256,51.808
-29.449,-89.734,98.034,52.774
-16.2,-91.954,97.822,53.581
-5.161,-92.505,97.696,53.967
5.161,-92.506,97.694,53.919
16.2,-91.956,97.816,53.394
29.45,-89.736,98.025,52.462
46.089,-84.733,98.245,51.427
65.83,-76.421,98.459,50.472
87.523,-64.608,98.932,49.664
109.278,-50.019,99.245,49.018
127.749,-34.94,99.06,48.348
139.476,-21.692,99.401,47.205
144.265,-11.151,99.584,45.66
145.23,-2.167,99.48,44.469
145.108,6.509,99.451,43.824
143.346,15.609,99.359,42.691
137.462,25.86,98.961,41.517
125.849,37.516,98.617,40.861
109.757,49.755,98.451,40.525
91.31,61.499,98.356,40.228
72.08,71.957,98.072,39.78
52.761,80.629,97.837,39.161
33.948,87.149,97.574,38.395
16.203,91.177,97.276,37.538
-8.203,95.161,98.008,41.002
-25.837,92.363,98.246,41.799
-44.828,86.838,98.466,42.471
-64.637,78.939,98.666,42.972
-84.698,69.036,98.904,43.276
-104.421,57.543,99.13,43.379
-122.756,45.083,99.177,43.356
-137.618,32.647,99.454,43.393
-146.908,21.295,99.921,43.758
-150.698,11.352,100.207,44.407
-151.45,2.234,100.249,45.001
-151.2,-6.789,100.285,45.54
-148.54,-16.75,100.199,46.429
-140.043,-28.987,99.771,47.14
-123.771,-43.859,99.684,47.414
-102.228,-59.451,99.631,47.543
-79.244,-73.224,99.129,47.776
-57.614,-83.592,98.859,48.242
-38.681,-90.482,98.69,48.897
-23.291,-94.151,98.524,49.592
-10.889,-95.463,98.394,50.097
0.0,-95.652,98.349,50.23
10.889,-95.463,98.392,50.026
23.291,-94.152,98.52,49.447
38.682,-90.483,98.684,48.712
57.615,-83.593,98.853,48.052
79.244,-73.224,99.122,47.591
102.229,-59.452,99.622,47.357
123.771,-43.859,99.674,47.215
140.044,-28.987,99.759,46.925
148.541,-16.75,100.185,46.213
151.201,-6.789,100.271,45.335
151.451,2.234,100.236,44.812
150.699,11.353,100.195,44.245
146.908,21.295,99.913,43.633
137.618,32.647,99.449,43.298
122.756,45.083,99.173,43.275
104.422,57.544,99.126,43.302
84.698,69.036,98.9,43.197
64.637,78.939,98.663,42.887
44.828,86.839,98.463,42.383
25.837,92.363,98.243,41.715
8.203,95.162,98.006,40.943
0.0,98.76,98.515,44.166
-17.465,97.297,98.648,44.824
-36.507,92.905,98.819,45.398
-56.661,85.894,98.979,45.809
-77.384,76.648,99.131,46.031
-98.115,65.571,99.361,46.051
-118.157,53.129,99.495,45.872
-135.839,40.163,99.648,45.572
-148.789,27.776,100.053,45.272
-155.519,16.785,100.529,45.179
-157.633,6.978,100.673,45.336
-157.81,-2.32,100.695,45.604
-156.65,-12.011,100.657,45.912
-151.147,-23.372,100.255,46.058
-138.007,-37.489,99.763,45.917
-117.689,-53.519,99.906,45.643
-93.981,-68.932,99.494,45.404
-70.591,-81.429,99.113,45.369
-49.465,-90.348,98.977,45.621
-31.664,-95.796,98.85,46.055
-17.435,-98.265,98.739,46.496
-5.55,-98.911,98.675,46.758
5.55,-98.911,98.674,46.742
17.435,-98.265,98.738,46.455
31.664,-95.796,98.848,46.014
49.465,-90.348,98.976,45.604
70.591,-81.429,99.113,45.379
93.981,-68.932,99.495,45.427
117.689,-53.519,99.906,45.652
138.007,-37.489,99.762,45.898
151.147,-23.372,100.252,46.011
156.65,-12.011,100.653,45.852
157.81,-2.32,100.691,45.546
157.633,6.978,100.669,45.289
155.519,16.785,100.527,45.15
148.789,27.776,100.052,45.258
135.839,40.163,99.648,45.57
118.157,53.129,99.496,45.876
98.115,65.571,99.361,46.056
77.384,76.648,99.131,46.031
56.661,85.894,98.979,45.8
36.507,92.905,98.818,45.377
17.465,97.297,98.647,44.795
-8.868,101.872,98.782,47.556
-27.841,98.772,98.895,48.033
-48.214,92.785,99.009,48.361
-69.454,84.31,99.127,48.524
-91.014,73.757,99.25,48.508
-112.333,61.559,99.456,48.307
-132.304,48.318,99.549,47.901
-148.675,35.096,99.866,47.312
-159.08,22.951,100.398,46.571
-163.451,12.223,100.738,46.044
-164.38,2.395,100.797,45.923
-164.073,-7.308,100.779,45.976
-160.979,-18.088,100.491,45.622
-151.408,-31.211,99.879,44.958
-133.445,-47.054,99.709,44.288
-109.922,-63.604,99.544,43.696
-85.038,-78.173,99.051,43.233
-61.828,-89.243,98.908,43.052
-41.568,-96.686,98.809,43.143
-25.066,-100.714,98.723,43.372
-11.722,-102.197,98.661,43.614
0.0,-102.429,98.645,43.706
11.722,-102.197,98.661,43.619
25.066,-100.714,98.725,43.419
41.568,-96.687,98.814,43.25
61.829,-89.243,98.915,43.217
85.038,-78.174,99.061,43.433
109.923,-63.605,99.555,43.898
133.445,-47.055,99.719,44.462
151.409,-31.212,99.887,45.091
160.98,-18.088,100.498,45.718
164.073,-7.308,100.784,46.05
164.381,2.395,100.802,45.997
163.451,12.223,100.743,46.12
159.08,22.951,100.403,46.644
148.675,35.096,99.87,47.38
132.305,48.318,99.553,47.971
112.333,61.559,99.459,48.38
91.014,73.757,99.253,48.581
69.454,84.311,99.129,48.588
48.214,92.786,99.011,48.408
27.841,98.772,98.896,48.057
8.868,101.872,98.782,47.553
0.0,106.013,98.643,49.975
-18.864,104.366,98.691,50.365
-39.337,99.562,98.755,50.609
-60.968,91.993,98.833,50.715
-83.219,82.084,98.928,50.677
-105.546,70.265,99.042,50.487
-127.26,57.02,99.182,50.117
-146.571,43.211,99.406,49.489
-160.871,29.975,99.859,48.502
-168.448,18.13,100.394,47.293
-170.912,7.513,100.57,46.503
-171.138,-2.494,100.577,46.371
-169.76,-12.983,100.405,45.794
-163.514,-25.245,99.807,44.629
-148.941,-40.329,99.191,43.428
-126.725,-57.421,99.205,42.52
-100.98,-73.769,98.747,41.751
-75.796,-87.085,98.511,41.173
-53.153,-96.672,98.418,40.891
-34.073,-102.595,98.35,40.831
-18.779,-105.329,98.3,40.903
-5.975,-106.074,98.277,41.016
5.975,-106.074,98.277,41.028
18.779,-105.33,98.303,40.983
34.073,-102.597,98.359,41.013
53.154,-96.674,98.431,41.166
75.798,-87.088,98.527,41.513
100.982,-73.772,98.767,42.118
126.727,-57.423,99.227,42.872
148.943,-40.331,99.209,43.739
163.515,-25.247,99.824,44.89
169.762,-12.983,100.421,46.009
171.139,-2.494,100.592,46.562
170.913,7.513,100.585,46.689
168.449,18.131,100.406,47.461
160.872,29.975,99.867,48.644
146.571,43.212,99.412,49.618
127.26,57.021,99.188,50.246
105.546,70.266,99.047,50.618
83.219,82.085,98.933,50.803
60.968,91.994,98.838,50.827
39.337,99.562,98.758,50.694
18.864,104.366,98.693,50.41
-9.606,109.588,98.193,52.409
-30.061,106.153,98.21,52.573
-51.966,99.648,98.247,52.614
-74.785,90.519,98.309,52.546
-97.978,79.21,98.398,52.365
-120.988,66.171,98.517,52.063
-142.678,52.042,98.691,51.532
-160.585,37.903,99.009,50.613
-172.111,24.842,99.592,49.066
-177.058,13.214,99.981,47.55
-178.154,2.578,100.027,46.791
-177.782,-7.896,99.96,46.395
-174.233,-19.587,99.494,44.924
-163.569,-33.694,98.726,43.119
-143.871,-50.619,98.4,41.79
-118.291,-68.257,98.18,40.774
-91.409,-83.787,97.804,39.899
-66.472,-95.655,97.694,39.263
-44.737,-103.699,97.63,38.887
-27.007,-108.103,97.588,38.698
-12.632,-109.76,97.565,38.688
0.0,-110.035,97.566,38.733
12.633,-109.761,97.568,38.758
27.007,-108.105,97.598,38.903
44.738,-103.703,97.648,39.23
66.475,-95.66,97.718,39.706
91.412,-83.793,97.831,40.398
118.295,-68.264,98.211,41.281
143.875,-50.625,98.429,42.265
163.573,-33.697,98.754,43.543
174.236,-19.588,99.521,45.286
177.785,-7.896,99.985,46.706
178.157,2.578,100.05,47.086
177.061,13.215,100.002,47.821
172.113,24.843,99.607,49.293
160.587,37.904,99.019,50.801
142.679,52.044,98.699,51.708
120.989,66.173,98.525,52.24
97.979,79.211,98.406,52.543
74.786,90.52,98.316,52.713
51.966,99.65,98.253,52.758
30.061,106.154,98.214,52.676
9.606,109.588,98.194,52.449
0.0,114.289,97.34,54.204
-20.408,112.443,97.333,54.311
-42.467,107.188,97.331,54.285
-65.736,98.996,97.359,54.173
-89.673,88.333,97.42,53.986
-113.735,75.661,97.516,53.718
-137.221,61.483,97.652,53.321
-158.217,46.695,97.887,52.583
-173.884,32.475,98.362,51.184
-182.302,19.653,98.935,49.127
-185.097,8.118,99.1,47.55
-185.364,-2.691,99.088,47.082
-183.764,-14.072,98.823,45.739
-176.764,-27.336,98.063,43.478
-160.744,-43.513,97.354,41.485
-136.556,-61.792,97.232,40.18
-108.675,-79.24,96.777,39.098
-81.555,-93.519,96.632,38.157
-57.225,-103.842,96.553,37.463
-36.719,-110.27,96.507,36.989
-20.249,-113.273,96.483,36.742
-6.441,-114.115,96.481,36.721
6.441,-114.116,96.483,36.756
20.249,-113.276,96.493,36.924
36.72,-110.276,96.528,37.354
57.228,-103.851,96.581,37.973
81.56,-93.529,96.666,38.756
108.681,-79.25,96.814,39.734
136.563,-61.802,97.273,40.802
160.751,-43.52,97.391,42.063
176.77,-27.341,98.101,43.991
183.77,-14.074,98.859,46.181
185.37,-2.691,99.12,47.478
185.103,8.118,99.13,47.926
182.306,19.655,98.959,49.451
173.887,32.478,98.377,51.441
158.219,46.697,97.898,52.803
137.222,61.486,97.662,53.535
113.736,75.663,97.525,53.935
89.675,88.336,97.429,54.199
65.737,98.998,97.367,54.369
42.468,107.19,97.338,54.446
20.408,112.444,97.337,54.41
-10.408,118.256,96.081,56.002
-32.487,114.471,96.047,55.925
-56.079,107.405,96.044,55.761
-80.637,97.55,96.077,55.546
-105.611,85.388,96.147,55.284
-130.436,71.397,96.256,54.964
-153.914,56.244,96.428,54.416
-173.393,41.06,96.772,53.329
-186.034,26.957,97.378,51.198
-191.53,14.316,97.75,48.879
-192.768,2.781,97.752,47.592
-192.332,-8.546,97.651,46.829
-188.337,-21.242,97.093,44.402
-176.584,-36.442,96.212,41.668
-155.125,-54.588,95.794,39.85
-127.412,-73.475,95.551,38.538
-98.404,-90.111,95.212,37.356
-71.572,-102.864,95.1,36.356
-48.201,-111.55,95.04,35.59
-29.116,-116.339,95.007,35.048
-13.62,-118.167,94.997,34.829
0.0,-118.481,95.006,34.833
13.62,-118.169,95.004,34.957
29.118,-116.347,95.027,35.393
48.205,-111.562,95.073,36.138
71.578,-102.878,95.141,37.037
98.412,-90.126,95.258,38.107
127.422,-73.49,95.602,39.297
155.135,-54.601,95.844,40.576
176.594,-36.452,96.259,42.335
188.347,-21.247,97.139,44.988
192.341,-8.548,97.693,47.339
192.777,2.781,97.791,48.072
191.538,14.318,97.783,49.312
186.04,26.961,97.401,51.548
173.396,41.064,96.787,53.605
153.917,56.247,96.44,54.668
130.438,71.4,96.267,55.215
105.613,85.392,96.158,55.537
80.639,97.554,96.087,55.789
56.08,107.408,96.053,55.976
32.487,114.474,96.054,56.086
10.408,118.257,96.084,56.073
0.0,123.35,94.431,57.714
-22.055,121.302,94.383,57.619
-45.823,115.578,94.347,57.405
-70.864,106.723,94.355,57.146
-96.618,95.239,94.4,56.864
-122.524,81.621,94.484,56.558
-147.855,66.402,94.612,56.162
-170.569,50.526,94.859,55.359
-187.597,35.214,95.342,53.636
-196.825,21.311,95.908,50.838
-199.909,8.772,96.006,48.56
-200.201,-2.903,95.958,47.821
-198.401,-15.247,95.674,45.792
-190.666,-29.594,94.811,42.533
-173.217,-46.974,94.052,39.833
-147.046,-66.587,93.909,38.164
-116.949,-85.265,93.436,36.777
-87.755,-100.587,93.28,35.481
-61.596,-111.693,93.191,34.403
-39.543,-118.636,93.139,33.556
-21.811,-121.902,93.115,33.033
-6.936,-122.833,93.117,32.906
6.936,-122.834,93.121,32.965
21.812,-121.91,93.132,33.317
39.547,-118.651,93.173,34.104
61.604,-111.713,93.237,35.147
87.766,-100.608,93.334,36.337
116.961,-85.286,93.493,37.672
147.061,-66.609,93.972,39.041
173.231,-46.99,94.109,40.658
190.68,-29.605,94.867,43.277
198.415,-15.252,95.727,46.44
200.214,-2.904,96.005,48.403
199.921,8.773,96.05,49.109
196.834,21.315,95.941,51.302
187.602,35.219,95.363,53.993
170.572,50.531,94.873,55.658
147.858,66.407,94.625,56.447
122.526,81.626,94.497,56.847
96.621,95.244,94.412,57.15
70.866,106.728,94.365,57.412
45.824,115.582,94.356,57.627
22.055,121.304,94.389,57.763
-11.235,127.442,92.336,59.422
-35.007,123.314,92.278,59.168
-60.37,115.675,92.255,58.855
-86.753,105.062,92.274,58.535
-113.582,91.994,92.334,58.215
-140.268,76.98,92.433,57.884
-165.548,60.728,92.61,57.318
-186.57,44.418,92.946,56.07
-200.283,29.193,93.528,53.372
-206.28,15.473,93.857,50.257
-207.621,2.993,93.788,48.47
-207.136,-9.226,93.699,47.384
-202.715,-22.972,93.067,44.005
-189.916,-39.326,92.138,40.338
-166.764,-58.811,91.781,38.009
-136.909,-79.028,91.485,36.35
-105.709,-96.828,91.114,34.803
-76.892,-110.505,90.981,33.397
-51.798,-119.838,90.902,32.227
-31.295,-124.998,90.851,31.341
-14.638,-126.977,90.833,30.936
0.0,-127.324,90.843,30.912
14.638,-126.983,90.845,31.128
31.298,-125.014,90.883,31.845
51.806,-119.863,90.952,33.01
76.904,-110.534,91.042,34.349
105.724,-96.858,91.18,35.834
136.928,-79.058,91.558,37.384
166.784,-58.838,91.853,38.998
189.936,-39.345,92.204,41.253
202.735,-22.983,93.131,44.815
207.154,-9.229,93.756,48.092
207.638,2.993,93.84,49.136
206.295,15.476,93.902,50.852
200.292,29.199,93.558,53.845
186.576,44.424,92.965,56.435
165.552,60.734,92.624,57.645
140.272,76.986,92.447,58.208
113.585,92.0,92.347,58.543
86.755,105.068,92.286,58.852
60.372,115.68,92.266,59.139
35.008,123.318,92.286,59.385
11.235,127.444,92.34,59.52
0.0,132.59,89.859,61.361
-23.705,130.366,89.812,61.108
-49.205,124.196,89.774,60.74
-76.044,114.68,89.775,60.364
-103.636,102.362,89.814,60.01
-131.39,87.771,89.889,59.673
-158.542,71.478,90.01,59.272
-182.913,54.47,90.239,58.397
-201.228,38.021,90.687,56.333
-211.197,22.996,91.197,52.743
-214.523,9.431,91.241,49.717
-214.83,-3.117,91.17,48.735
-212.841,-16.433,90.854,45.99
-204.42,-31.876,89.956,41.652
-185.625,-50.484,89.2,38.185
-157.572,-71.503,89.118,36.084
-125.286,-91.433,88.612,34.303
-94.006,-107.805,88.42,32.563
-65.989,-119.684,88.303,31.032
-42.366,-127.114,88.226,29.768
-23.366,-130.61,88.176,28.956
-7.428,-131.609,88.167,28.736
7.428,-131.612,88.173,28.824
23.368,-130.626,88.203,29.368
42.374,-127.144,88.275,30.547
66.003,-119.722,88.369,32.068
94.025,-107.846,88.495,33.732
125.309,-91.473,88.692,35.506
157.6,-71.543,89.204,37.252
185.65,-50.514,89.274,39.282
204.447,-31.896,90.029,42.646
212.866,-16.441,90.922,46.859
214.853,-3.118,91.229,49.518
214.545,9.433,91.296,50.455
211.212,23.003,91.238,53.362
201.236,38.029,90.712,56.801
182.918,54.477,90.256,58.782
158.546,71.485,90.025,59.638
131.394,87.779,89.903,60.043
103.639,102.369,89.827,60.378
76.047,114.687,89.787,60.71
49.207,124.202,89.785,61.031
23.706,130.37,89.819,61.297
-12.03,136.47,86.936,63.272
-37.454,132.042,86.892,62.861
-64.551,123.87,86.879,62.418
-92.72,112.529,86.903,62.009
-121.356,98.571,86.959,61.643
-149.839,82.551,87.062,61.301
-176.811,65.188,87.199,60.71
-199.265,47.752,87.497,59.285
-213.95,31.401,88.016,55.955
-220.374,16.603,88.27,51.922
-221.789,3.198,88.164,49.583
-221.253,-9.887,88.062,48.167
-216.445,-24.659,87.412,43.698
-202.691,-42.137,86.5,38.972
-178.013,-62.987,86.281,36.047
-146.122,-84.497,85.923,33.941
-112.802,-103.421,85.509,31.911
-82.049,-117.985,85.352,29.986
-55.268,-127.916,85.241,28.317
-33.386,-133.399,85.161,27.017
-15.612,-135.498,85.122,26.411
0.0,-135.864,85.121,26.37
15.613,-135.51,85.139,26.691
33.392,-133.432,85.206,27.738
55.282,-127.963,85.309,29.414
82.071,-118.038,85.434,31.293
112.83,-103.474,85.596,33.296
146.156,-84.552,86.019,35.31
178.049,-63.036,86.376,37.344
202.725,-42.171,86.582,40.17
216.479,-24.677,87.49,44.763
221.284,-9.891,88.13,49.103
221.818,3.199,88.226,50.466
220.397,16.608,88.322,52.71
213.964,31.411,88.049,56.578
199.273,47.761,87.518,59.759
176.817,65.197,87.215,61.13
149.844,82.56,87.078,61.718
121.36,98.58,86.973,62.065
92.724,112.537,86.916,62.418
64.554,123.878,86.891,62.787
37.456,132.049,86.901,63.144
12.031,136.473,86.94,63.4
0.0,141.316,83.629,65.682
-25.245,138.951,83.599,65.28
-52.373,132.39,83.58,64.763
-80.908,122.273,83.592,64.28
-110.229,109.178,83.634,63.865
-139.709,93.666,83.702,63.506
-168.597,76.442,83.953,63.104
-194.404,58.249,83.997,62.152
-213.864,40.709,84.383,59.709
-224.471,24.596,84.803,55.173
-227.977,10.048,84.785,51.232
-228.286,-3.316,84.704,49.99
-226.128,-17.547,84.38,46.387
-217.096,-34.017,83.515,40.754
-197.168,-53.856,82.955,36.391
-167.374,-76.149,82.799,33.755
-133.074,-97.258,82.305,31.453
-99.832,-114.581,82.058,29.124
-70.064,-127.153,81.91,26.994
-44.969,-134.997,81.797,25.18
-24.795,-138.675,81.724,24.0
-7.882,-139.72,81.702,23.686
7.882,-139.727,81.71,23.817
24.799,-138.706,81.76,24.604
44.983,-135.052,81.864,26.294
70.09,-127.221,81.997,28.437
99.865,-114.652,82.153,30.709
133.114,-97.328,82.406,33.051
167.421,-76.218,82.907,35.282
197.213,-53.909,83.05,37.814
217.139,-34.051,83.601,42.045
226.17,-17.559,84.457,47.526
228.322,-3.317,84.77,51.021
228.01,10.051,84.847,52.206
224.495,24.606,84.848,55.992
213.877,40.72,84.409,60.326
194.412,58.259,84.014,62.654
168.604,76.453,83.97,63.58
139.714,93.676,83.717,63.989
110.234,109.188,83.648,64.344
80.912,122.283,83.605,64.732
52.375,132.399,83.59,65.146
25.246,138.957,83.605,65.529
-12.739,144.644,79.889,68.052
-39.649,139.977,79.871,67.471
-68.311,131.347,79.877,66.894
-98.092,119.362,79.908,66.405
-128.352,104.606,79.962,66.009
-158.504,87.79,80.2,65.674
-186.987,69.435,80.342,65.069
-210.579,50.825,80.401,63.466
-226.092,33.432,80.826,59.395
-232.85,17.627,80.993,54.183
-234.299,3.381,80.862,51.144
-233.717,-10.481,80.76,49.333
-228.566,-26.18,80.147,43.477
-213.987,-44.66,79.324,37.473
-188.021,-66.761,79.22,33.842
-154.332,-89.41,78.832,31.169
-119.126,-109.329,78.425,28.496
-86.629,-124.658,78.248,25.87
-58.328,-135.079,78.104,23.505
-35.219,-140.804,77.993,21.617
-16.468,-142.983,77.939,20.744
0.0,-143.361,77.935,20.703
16.469,-143.007,77.963,21.169
35.23,-140.865,78.053,22.687
58.355,-135.164,78.192,25.076
86.668,-124.751,78.348,27.677
119.173,-109.418,78.529,30.356
154.39,-89.501,78.946,32.965
188.082,-66.843,79.332,35.521
214.041,-44.714,79.415,39.016
228.62,-26.208,80.232,44.86
233.765,-10.487,80.832,50.563
234.343,3.382,80.928,52.31
232.886,17.635,81.048,55.232
226.113,33.446,80.86,60.229
210.59,50.837,80.42,64.099
186.996,69.449,80.36,65.629
158.512,87.804,80.217,66.228
128.358,104.618,79.976,66.571
98.098,119.374,79.921,66.952
68.314,131.358,79.888,67.388
39.651,139.986,79.879,67.853
12.739,144.648,79.892,68.223
0.0,148.817,75.758,71.198
-26.556,146.355,75.749,70.615
-55.08,139.486,75.753,69.919
-85.07,128.872,75.777,69.326
-115.872,115.12,75.82,68.867
-146.88,98.929,75.982,68.518
-177.225,80.882,76.232,68.147
-204.243,61.678,76.22,67.147
-224.562,43.078,76.402,64.309
-235.681,25.995,76.716,58.577
-239.296,10.576,76.651,53.395
-239.595,-3.485,76.571,51.823
-237.286,-18.506,76.274,47.088
-227.729,-35.849,75.525,39.806
-206.925,-56.781,75.185,34.404
-175.634,-80.079,74.926,31.13
-139.647,-102.186,74.509,28.165
-104.74,-120.302,74.265,25.049
-73.474,-133.413,74.097,22.077
-47.127,-141.549,73.956,19.432
-25.976,-145.332,73.862,17.675
-8.259,-146.404,73.836,17.244
8.26,-146.417,73.846,17.453
25.983,-145.393,73.909,18.624
47.153,-141.652,74.039,21.104
73.519,-133.534,74.2,24.135
104.797,-120.421,74.372,27.216
139.714,-102.302,74.621,30.278
175.711,-80.191,75.043,33.107
207.001,-56.871,75.292,36.226
227.797,-35.9,75.612,41.464
237.349,-18.525,76.352,48.574
239.65,-3.487,76.637,53.189
239.346,10.581,76.711,54.694
235.715,26.01,76.758,59.688
224.579,43.094,76.425,65.157
204.256,61.695,76.239,67.839
177.236,80.899,76.249,68.802
146.89,98.946,75.997,69.182
115.878,115.134,75.832,69.53
85.075,128.885,75.788,69.953
55.084,139.497,75.762,70.454
26.558,146.362,75.755,70.965
-13.304,151.241,71.217,74.255
-41.407,146.409,71.222,73.426
-71.326,137.433,71.241,72.675
-102.402,124.945,71.276,72.114
-133.987,109.607,71.359,71.725
-165.448,92.122,71.571,71.451
-195.159,73.028,71.734,70.894
-219.568,53.378,71.628,69.162
-235.724,35.122,71.935,64.245
-242.721,18.464,72.026,57.434
-244.167,3.526,71.899,53.422
-243.542,-10.96,71.812,51.091
-238.09,-27.409,71.313,43.397
-222.888,-46.704,70.711,35.885
-195.871,-69.716,70.589,31.487
-160.781,-93.253,70.266,28.149
-124.105,-113.981,69.968,24.672
-90.21,-129.87,69.795,21.099
-60.693,-140.611,69.639,17.685
-36.622,-146.451,69.509,14.78
-17.125,-148.652,69.447,13.427
0.0,-149.04,69.444,13.424
17.128,-148.704,69.477,14.164
36.643,-146.571,69.582,16.521
60.742,-140.765,69.738,20.034
90.277,-130.027,69.901,23.629
124.181,-114.125,70.072,27.156
160.87,-93.395,70.375,30.473
195.966,-69.843,70.697,33.619
222.974,-46.789,70.8,37.839
238.171,-27.451,71.39,45.177
243.612,-10.969,71.877,52.715
244.231,3.527,71.958,54.977
242.772,18.475,72.074,58.862
235.753,35.141,71.963,65.422
219.583,53.394,71.644,70.077
195.173,73.048,71.751,71.705
165.46,92.142,71.586,72.255
133.998,109.627,71.373,72.54
102.409,124.96,71.286,72.91
71.331,137.446,71.25,73.4
41.41,146.42,71.229,73.992
13.304,151.245,71.22,74.509
0.0,154.349,66.289,78.374
-27.516,151.835,66.295,77.468
-57.065,144.762,66.311,76.466
-88.121,133.801,66.337,75.723
-120.006,119.578,66.371,75.249
-152.11,102.868,66.494,74.977
-183.492,84.205,66.656,74.728
-211.477,64.4,66.72,73.77
-232.316,44.898,66.724,70.581
-243.806,27.066,66.916,63.346
-247.473,10.966,66.849,56.446
-247.755,-3.609,66.79,54.435
-245.306,-19.223,66.575,48.219
-235.334,-37.194,66.065,38.956
-213.857,-58.841,65.839,32.509
-181.498,-82.826,65.618,28.592
-144.325,-105.662,65.362,24.896
-108.239,-124.368,65.209,20.841
-75.873,-137.8,65.062,16.715
-48.617,-146.047,64.922,12.659
-26.785,-149.809,64.819,9.641
-8.524,-150.874,64.795,8.958
8.525,-150.907,64.809,9.389
26.801,-149.946,64.877,11.441
48.667,-146.245,65.01,15.373
75.949,-138.005,65.158,19.685
108.328,-124.556,65.302,23.751
144.424,-105.834,65.453,27.609
181.607,-82.986,65.709,31.064
213.968,-58.972,65.924,34.762
235.43,-37.267,66.132,41.029
245.397,-19.249,66.635,50.138
247.831,-3.61,66.839,56.247
247.542,10.972,66.893,58.193
243.851,27.085,66.946,64.916
232.337,44.917,66.739,71.86
211.496,64.425,66.735,74.846
183.508,84.229,66.67,75.749
152.124,102.892,66.507,76.011
120.013,119.593,66.378,76.282
88.127,133.815,66.344,76.708
57.069,144.775,66.316,77.322
27.518,151.843,66.299,78.044
-13.663,155.495,60.997,82.065
-42.531,150.582,61.011,80.639
-73.253,141.404,61.029,79.538
-105.154,128.609,61.051,78.873
-137.535,112.826,61.078,78.546
-169.769,94.852,61.162,78.438
-200.222,75.28,61.243,78.038
-225.311,55.194,61.242,76.248
-241.787,36.269,61.345,70.388
-248.932,19.019,61.379,61.571
-250.362,3.618,61.309,56.331
-249.696,-11.273,61.261,53.412
-244.007,-28.214,61.002,43.649
-228.385,-47.996,60.708,34.727
-200.628,-71.433,60.592,29.714
-164.715,-95.549,60.446,25.804
-127.188,-116.869,60.336,21.574
-92.403,-133.052,60.231,17.002
-62.108,-143.899,60.124,12.187
-37.433,-149.659,60.017,7.218
-17.507,-151.738,59.952,4.193
0.0,-152.147,59.957,4.41
17.516,-151.899,59.993,6.162
37.48,-149.92,60.084,10.491
62.191,-144.164,60.196,15.667
92.505,-133.292,60.3,20.357
127.297,-117.075,60.399,24.679
164.831,-95.735,60.507,28.614
200.751,-71.597,60.65,32.25
228.504,-48.114,60.759,37.055
244.116,-28.269,61.045,45.83
249.788,-11.283,61.296,55.487
250.446,3.619,61.341,58.351
248.997,19.034,61.404,63.506
241.821,36.291,61.359,72.148
225.339,55.224,61.255,77.762
200.243,75.31,61.253,79.43
169.787,94.881,61.172,79.818
137.55,112.855,61.086,79.939
105.161,128.624,61.056,80.241
73.258,141.418,61.033,80.817
42.534,150.592,61.014,81.695
13.664,155.499,60.998,82.572
0.0,157.235,55.409,86.901
-28.013,154.715,55.416,84.766
-58.085,147.557,55.427,82.947
-89.679,136.433,55.437,81.88
-122.102,121.981,55.447,81.374
-154.638,104.823,55.455,81.241
-186.366,85.637,55.462,81.206
-214.775,65.54,55.472,80.309
-236.139,45.919,55.499,76.678
-247.807,27.654,55.531,67.92
-251.499,11.168,55.509,59.399
-251.776,-3.67,55.496,57.007
-249.213,-19.608,55.443,49.591
-239.007,-37.912,55.328,38.851
-216.999,-59.67,55.248,31.784
-184.231,-84.067,55.21,27.52
-146.616,-107.437,55.175,23.413
-109.936,-126.381,55.134,18.797
-77.019,-139.917,55.089,13.865
-49.303,-148.117,55.042,8.408
-27.144,-151.734,55.002,2.688
-8.646,-152.813,54.997,0.0
8.646,-152.814,54.997,2.279
27.173,-151.992,55.026,6.633
49.382,-148.436,55.073,12.254
77.125,-140.204,55.119,17.523
110.054,-126.629,55.161,22.183
146.737,-107.645,55.2,26.481
184.348,-84.238,55.231,30.275
217.12,-59.813,55.268,34.286
239.127,-38.001,55.346,41.187
249.323,-19.639,55.458,51.833
251.869,-3.672,55.508,59.193
251.582,11.175,55.52,61.543
247.858,27.676,55.539,70.012
236.161,45.938,55.502,78.681
214.802,65.575,55.476,82.217
186.388,85.67,55.466,83.078
154.646,104.838,55.457,83.117
122.11,121.996,55.449,83.243
89.685,136.447,55.439,83.712
58.088,147.568,55.428,84.68
28.014,154.721,55.417,86.178
-13.784,156.954,49.585,87.902
-42.899,152.031,49.589,85.033
-73.864,142.802,49.591,83.409
-106.004,129.923,49.588,82.592
-138.612,114.023,49.581,82.296
-170.943,95.726,49.569,82.317
-201.473,75.871,49.548,81.994
-226.86,55.833,49.513,80.0
-243.546,36.759,49.456,73.422
-250.736,19.232,49.431,63.666
-252.151,3.644,49.443,57.95
-251.461,-11.385,49.459,54.867
-245.659,-28.544,49.541,44.419
-229.837,-48.459,49.637,35.07
-201.831,-71.933,49.687,29.924
-165.807,-96.327,49.718,25.94
-128.055,-117.796,49.743,21.637
-93.023,-134.044,49.765,16.997
-62.509,-144.905,49.788,12.109
-37.661,-150.635,49.811,7.042
-17.608,-152.684,49.825,3.966
0.0,-153.097,49.824,4.252
17.618,-152.87,49.815,6.023
37.714,-150.934,49.795,10.42
62.603,-145.206,49.772,15.674
93.138,-134.316,49.751,20.424
128.178,-118.03,49.729,24.807
165.93,-96.523,49.705,28.808
201.959,-72.102,49.674,32.515
229.959,-48.579,49.625,37.459
245.783,-28.606,49.53,46.692
251.566,-11.397,49.449,57.08
252.246,3.645,49.434,60.124
250.809,19.248,49.424,65.808
243.582,36.783,49.453,75.547
226.875,55.85,49.511,82.127
201.491,75.898,49.546,84.131
170.952,95.741,49.568,84.46
138.62,114.039,49.58,84.438
106.011,129.938,49.587,84.726
73.868,142.815,49.59,85.531
42.9,152.039,49.589,87.143
13.784,156.951,49.585,90.0
0.0,157.209,43.557,87.585
-27.996,154.698,43.557,85.29
-58.025,147.56,43.553,83.406
-89.56,136.465,43.541,82.318
-121.91,122.049,43.522,81.8
-154.362,104.931,43.494,81.65
-185.993,85.779,43.457,81.573
-214.323,65.719,43.393,80.573
-235.676,46.114,43.267,76.786
-247.359,27.753,43.134,68.042
-251.019,11.168,43.159,59.749
-251.278,-3.665,43.188,57.468
-248.716,-19.662,43.326,50.317
-238.455,-38.026,43.637,39.827
-216.469,-59.761,43.859,32.861
-183.803,-84.1,43.967,28.733
-146.288,-107.383,44.057,24.849
-109.708,-126.277,44.14,20.589
-76.877,-139.79,44.218,16.246
-49.23,-148.027,44.294,11.918
-27.104,-151.735,44.352,8.653
-8.623,-152.785,44.365,7.992
8.623,-152.83,44.357,8.476
27.125,-151.923,44.319,10.677
49.295,-148.292,44.245,14.883
76.976,-140.06,44.166,19.43
109.824,-126.522,44.09,23.681
146.41,-107.593,44.011,27.718
183.931,-84.286,43.922,31.341
216.597,-59.911,43.816,35.247
238.58,-38.12,43.598,42.061
248.833,-19.695,43.291,52.463
251.377,-3.667,43.16,59.562
251.108,11.175,43.133,61.804
247.416,27.776,43.117,70.047
235.7,46.136,43.26,78.724
214.336,65.736,43.388,82.464
186.003,85.795,43.454,83.468
154.371,104.948,43.491,83.57
121.918,122.065,43.518,83.726
89.566,136.48,43.538,84.22
58.029,147.572,43.551,85.232
27.997,154.704,43.556,86.838
-13.653,155.465,37.359,84.121
-42.467,150.589,37.354,82.475
-73.091,141.461,37.338,81.264
-104.864,128.729,37.31,80.562
-137.091,113.013,37.271,80.229
-169.038,94.929,37.221,80.113
-199.208,75.304,37.147,79.639
-224.312,55.478,37.004,77.637
-240.847,36.54,36.755,71.472
-247.965,19.079,36.672,62.636
-249.346,3.603,36.76,57.533
-248.676,-11.286,36.83,54.779
-242.923,-28.372,37.225,45.291
-227.223,-48.134,37.709,36.492
-199.566,-71.396,37.934,31.613
-163.938,-95.46,38.105,27.959
-126.643,-116.692,38.238,24.142
-92.032,-132.785,38.365,20.214
-61.878,-143.589,38.482,16.418
-37.301,-149.392,38.583,13.124
-17.429,-151.551,38.631,11.644
0.0,-151.939,38.631,11.72
17.433,-151.635,38.607,12.524
37.335,-149.584,38.526,15.182
61.953,-143.829,38.407,19.114
92.133,-133.024,38.286,23.061
126.757,-116.909,38.162,26.904
164.055,-95.645,38.034,30.524
199.69,-71.56,37.865,33.963
227.342,-48.251,37.647,38.669
243.044,-28.433,37.166,47.348
248.78,-11.298,36.781,56.753
249.441,3.605,36.715,59.462
248.04,19.096,36.636,64.5
240.886,36.565,36.735,73.217
224.33,55.498,36.994,79.224
199.22,75.321,37.14,81.162
169.049,94.947,37.215,81.656
137.101,113.032,37.265,81.803
104.872,128.748,37.304,82.127
73.097,141.478,37.333,82.754
42.47,150.601,37.35,83.75
13.653,155.469,37.358,84.766
0.0,154.275,31.026,82.296
-27.467,151.803,31.023,81.196
-56.902,144.799,31.009,79.996
-87.794,133.925,30.978,79.168
-119.477,119.802,30.932,78.683
-151.254,103.038,30.871,78.427
-182.227,84.284,30.793,78.175
-209.979,64.631,30.655,77.093
-230.921,45.388,30.381,73.56
-242.393,27.295,30.097,65.809
-245.984,10.957,30.158,58.658
-246.237,-3.593,30.224,56.701
-243.743,-19.341,30.504,50.491
-233.663,-37.449,31.179,41.102
-212.075,-58.77,31.683,34.628
-180.077,-82.611,31.922,30.861
-143.365,-105.449,32.103,27.455
-107.554,-123.988,32.274,23.861
-75.41,-137.284,32.428,20.411
-48.321,-145.449,32.564,17.288
-26.602,-149.188,32.657,15.225
-8.449,-150.237,32.681,14.813
8.449,-150.261,32.671,15.067
26.614,-149.301,32.611,16.414
48.368,-145.64,32.485,19.348
75.49,-137.501,32.334,22.883
107.654,-124.198,32.177,26.416
143.473,-105.637,32.01,29.918
180.192,-82.777,31.832,33.15
212.187,-58.901,31.601,36.743
233.78,-37.536,31.099,43.078
243.853,-19.372,30.433,52.357
246.329,-3.595,30.164,58.49
246.069,10.965,30.104,60.4
242.449,27.318,30.06,67.432
230.947,45.412,30.363,74.978
209.994,64.65,30.643,78.362
182.239,84.302,30.783,79.422
151.265,103.058,30.862,79.711
119.487,119.822,30.923,79.981
87.802,133.943,30.97,80.425
56.906,144.815,31.002,81.118
27.469,151.813,31.019,81.978
-13.276,151.139,24.594,79.798
-41.271,146.392,24.585,78.743
-71.003,137.521,24.558,77.847
-101.839,125.158,24.51,77.243
-133.109,109.905,24.443,76.868
-164.107,92.357,24.359,76.622
-193.387,73.313,24.232,76.026
-217.768,54.056,23.991,74.07
-233.848,35.607,23.575,68.516
-240.781,18.568,23.434,60.911
-242.13,3.499,23.575,56.578
-241.491,-10.98,23.682,54.226
-235.913,-27.674,24.315,46.019
-220.635,-46.946,25.126,38.083
-193.728,-69.494,25.547,33.624
-159.196,-92.915,25.787,30.406
-123.015,-113.548,25.996,27.168
-89.439,-129.215,26.186,23.977
-60.174,-139.775,26.351,21.074
-36.285,-145.496,26.484,18.732
-16.938,-147.637,26.549,17.723
0.0,-148.008,26.554,17.744
16.941,-147.69,26.523,18.272
36.308,-145.628,26.417,20.129
60.231,-139.957,26.254,23.087
89.521,-129.409,26.077,26.246
123.112,-113.731,25.886,29.466
159.298,-93.077,25.682,32.601
193.832,-69.632,25.448,35.669
220.742,-47.052,25.031,39.988
236.022,-27.729,24.225,47.801
241.585,-10.991,23.606,55.9
242.217,3.5,23.506,58.201
240.851,18.584,23.377,62.446
233.887,35.632,23.541,69.867
217.787,54.078,23.973,75.202
193.401,73.332,24.219,77.077
164.118,92.377,24.346,77.689
133.12,109.925,24.431,77.966
101.848,125.178,24.498,78.331
71.01,137.539,24.548,78.858
41.275,146.406,24.578,79.554
13.277,151.145,24.591,80.166
0.0,148.572,18.106,78.29
-26.452,146.182,18.103,77.537
-54.771,139.432,18.085,76.646
-84.478,128.966,18.041,75.957
-114.938,115.383,17.973,75.483
-145.486,99.266,17.884,75.155
-175.266,81.237,17.767,74.792
-201.961,62.337,17.562,73.667
-222.124,43.803,17.159,70.367
-233.186,26.328,16.741,63.561
-236.665,10.552,16.815,57.478
-236.914,-3.458,16.905,55.813
-234.534,-18.667,17.285,50.51
-224.828,-36.191,18.246,42.29
-204.031,-56.75,18.986,36.422
-173.25,-79.688,19.335,33.07
-137.958,-101.671,19.582,30.157
-103.538,-119.536,19.809,27.188
-72.636,-132.38,20.003,24.46
-46.57,-140.305,20.165,22.107
-25.631,-143.959,20.275,20.606
-8.129,-144.978,20.309,20.288
8.129,-144.994,20.299,20.454
25.64,-144.036,20.229,21.423
46.605,-140.445,20.079,23.617
72.699,-132.548,19.893,26.382
103.619,-119.707,19.691,29.264
138.05,-101.829,19.465,32.223
173.345,-79.827,19.223,35.03
204.129,-56.865,18.878,38.256
224.93,-36.268,18.141,44.002
234.631,-18.694,17.191,52.102
236.997,-3.459,16.825,57.317
236.742,10.559,16.741,58.932
233.239,26.35,16.689,64.874
222.15,43.826,17.132,71.45
201.976,62.357,17.545,74.601
175.278,81.257,17.752,75.704
145.497,99.286,17.869,76.099
114.948,115.404,17.959,76.439
84.486,128.986,18.028,76.875
54.776,139.449,18.074,77.445
26.453,146.192,18.097,78.069
-12.666,144.135,11.608,76.325
-39.352,139.599,11.601,75.532
-67.676,131.138,11.567,74.8
-97.042,119.357,11.504,74.248
-126.818,104.829,11.414,73.846
-156.337,88.121,11.3,73.523
-184.229,69.986,11.127,72.86
-207.467,51.634,10.798,70.961
-222.811,34.014,10.234,65.942
-229.448,17.724,10.026,59.388
-230.752,3.334,10.198,55.703
-230.153,-10.48,10.327,53.695
-224.852,-26.473,11.137,46.643
-210.275,-44.919,12.214,39.593
-184.622,-66.426,12.78,35.591
-151.729,-88.75,13.092,32.808
-117.279,-108.431,13.351,30.105
-85.309,-123.401,13.576,27.531
-57.431,-133.52,13.762,25.275
-34.638,-139.03,13.909,23.505
-16.156,-141.097,13.985,22.74
0.0,-141.449,13.995,22.737
16.158,-141.134,13.96,23.124
34.655,-139.125,13.842,24.524
57.474,-133.657,13.661,26.814
85.373,-123.552,13.458,29.337
117.358,-108.58,13.228,31.995
151.815,-88.885,12.971,34.659
184.71,-66.543,12.663,37.345
210.367,-45.009,12.1,41.237
224.946,-26.521,11.029,48.171
230.235,-10.489,10.235,55.111
230.828,3.335,10.113,57.069
229.511,17.738,9.956,60.662
222.847,34.038,10.192,67.026
207.486,51.654,10.774,71.839
184.242,70.004,11.109,73.667
156.349,88.14,11.283,74.343
126.829,104.849,11.398,74.692
97.051,119.377,11.488,75.084
67.683,131.156,11.554,75.568
39.356,139.613,11.591,76.134
12.667,144.141,11.604,76.59
0.0,140.249,5.155,75.008
-24.973,137.987,5.156,74.438
-51.689,131.611,5.137,73.721
-79.703,121.735,5.085,73.117
-108.422,108.923,5.0,72.653
-137.224,93.726,4.886,72.283
-165.307,76.729,4.735,71.856
-190.489,58.905,4.47,70.723
-209.522,41.405,3.953,67.651
-219.983,24.882,3.407,61.667
-223.296,9.963,3.469,56.476
-223.539,-3.263,3.573,55.055
-221.314,-17.656,4.021,50.535
-212.164,-34.277,5.203,43.398
-192.528,-53.726,6.138,38.163
-163.489,-75.38,6.575,35.227
-130.211,-96.134,6.871,32.775
-97.76,-113.021,7.13,30.351
-68.62,-125.184,7.341,28.196
-44.016,-132.716,7.513,26.383
-24.219,-136.201,7.632,25.235
-7.671,-137.17,7.674,24.976
7.671,-137.181,7.665,25.092
24.225,-136.256,7.589,25.83
44.041,-132.817,7.429,27.523
68.667,-125.311,7.231,29.699
97.824,-113.154,7.008,32.025
130.285,-96.261,6.746,34.486
163.567,-75.494,6.452,36.882
192.609,-53.821,6.019,39.731
212.249,-34.342,5.086,44.865
221.395,-17.679,3.915,51.887
223.61,-3.265,3.482,56.321
223.361,9.969,3.385,57.696
220.029,24.901,3.346,62.749
209.546,41.426,3.919,68.521
190.504,58.923,4.448,71.465
165.318,76.748,4.715,72.58
137.235,93.745,4.867,73.032
108.432,108.943,4.982,73.411
79.711,121.753,5.068,73.842
51.694,131.627,5.124,74.344
24.974,137.997,5.148,74.845
-11.832,134.59,-1.187,73.272
-36.746,130.35,-1.191,72.647
-63.179,122.45,-1.228,72.028
-90.579,111.453,-1.303,71.518
-118.36,97.896,-1.412,71.104
-145.903,82.307,-1.553,70.736
-171.932,65.385,-1.768,70.042
-193.625,48.253,-2.175,68.229
-207.959,31.789,-2.871,63.724
-214.182,16.56,-3.159,58.091
-215.42,3.112,-2.977,54.967
-214.872,-9.794,-2.836,53.263
-209.954,-24.785,-1.902,47.251
-196.35,-42.08,-0.616,41.084
-172.4,-62.191,0.069,37.559
-141.704,-83.048,0.436,35.194
-109.562,-101.448,0.727,32.976
-79.731,-115.462,0.968,30.924
-53.704,-124.956,1.159,29.172
-32.396,-130.143,1.311,27.812
-15.098,-132.091,1.395,27.216
0.0,-132.418,1.41,27.201
15.099,-132.116,1.373,27.493
32.407,-130.209,1.251,28.573
53.735,-125.054,1.064,30.356
79.778,-115.574,0.854,32.351
109.621,-101.562,0.605,34.508
141.771,-83.154,0.312,36.728
172.471,-62.284,-0.052,39.034
196.425,-42.153,-0.735,42.48
210.03,-24.824,-2.017,48.546
214.94,-9.802,-2.936,54.453
215.483,3.113,-3.069,56.112
214.235,16.572,-3.236,59.152
207.99,31.809,-2.92,64.611
193.642,48.272,-2.203,68.94
171.945,65.403,-1.79,70.695
145.914,82.325,-1.574,71.399
118.37,97.915,-1.432,71.787
90.588,111.472,-1.322,72.191
63.185,122.467,-1.245,72.642
36.749,130.364,-1.203,73.123
11.832,134.596,-1.192,73.479
0.0,130.514,-2.336,72.72
-23.142,127.951,-2.977,72.106
-48.146,122.323,-3.32,71.495
-74.91,114.099,-3.389,71.084
-102.093,102.285,-3.757,70.631
-129.348,88.112,-4.064,70.245
-155.827,72.027,-4.155,69.791
-178.321,54.284,-3.977,68.535
-195.623,37.574,-3.561,65.653
-205.178,22.648,-3.955,60.301
-208.238,9.206,-3.996,55.774
-208.917,-3.037,-2.7,54.568
-206.606,-16.125,-3.592,50.615
-198.472,-31.322,-2.79,44.329
-180.825,-50.118,-3.08,39.601
-154.573,-71.442,-2.929,36.878
-123.078,-91.036,-2.544,34.752
-92.265,-106.692,-1.921,32.694
-64.63,-117.853,-1.356,30.903
-41.132,-124.059,-1.357,29.611
-22.652,-127.359,-1.297,28.684
-7.222,-128.533,-0.451,28.253
7.222,-128.536,-0.455,28.341
22.655,-127.383,-1.32,29.149
41.143,-124.105,-1.402,30.523
64.658,-117.93,-1.434,32.146
92.311,-106.788,-2.025,34.103
123.139,-91.141,-2.667,36.216
154.64,-71.539,-3.053,38.316
180.88,-50.182,-3.174,40.962
198.515,-31.354,-2.858,45.606
206.648,-16.137,-3.656,51.789
208.948,-3.037,-2.748,55.673
208.272,9.209,-4.049,56.828
205.203,22.658,-3.994,61.229
195.637,37.586,-3.583,66.394
178.331,54.297,-3.995,69.166
155.837,72.042,-4.175,70.412
129.358,88.129,-4.083,70.888
102.101,102.301,-3.775,71.28
74.915,114.114,-3.405,71.702
48.149,122.334,-3.331,72.016
23.143,127.957,-2.983,72.444
