ymd,hm,theta_origin,theta_next
2025-04-15,2025-10-14 12:00:00,0.0,0.0
2025-04-15,2025-10-14 12:00:00,0.0,0.0
2025-04-15,2025-10-14 12:00:00,0.0,0.0
2025-04-15,2025-10-14 12:00:00,0.0,0.0
2025-04-15,2025-10-14 12:00:00,0.0,0.0
2025-04-15,2025-10-14 12:00:00,0.0,0.0
2025-04-15,2025-10-14 12:00:00,0.0,0.0
2025-04-15,2025-10-14 12:00:00,0.0,0.0
2025-04-15,2025-10-14 12:00:00,0.0,0.0
2025-04-15,2025-10-14 12:00:00,0.0,0.0
2025-04-15,2025-10-14 12:00:00,0.0,0.0
2025-04-15,2025-10-14 12:00:00,0.0,0.0
2025-04-15,2025-10-14 12:00:00,0.0,0.0
2025-04-15,2025-10-14 12:00:00,0.0,0.0
2025-04-15,2025-10-14 12:00:00,0.0,0.0
2025-04-15,2025-10-14 12:00:00,0.0,0.0
2025-04-15,2025-10-14 12:00:00,0.0,0.0
2025-04-15,2025-10-14 12:00:00,0.0,0.0
2025-04-15,2025-10-14 12:00:00,0.0,0.0
2025-04-15,2025-10-14 12:00:00,0.0,0.0
2025-04-15,2025-10-14 12:00:00,0.0,3.4646268521174317
2025-04-15,2025-10-14 12:00:00,0.0,3.4646268521174317
2025-04-15,2025-10-14 12:00:00,0.0,3.4646268521174317
2025-04-15,2025-10-14 12:00:00,0.0,3.4646268521174317
2025-04-15,2025-10-14 12:00:00,0.0,3.4646268521174317
2025-04-15,2025-10-14 12:00:00,0.0,3.4646268521174317
2025-04-15,2025-10-14 12:00:00,0.0,7.82312392190667
2025-04-15,2025-10-14 12:00:00,0.0,13.544252963385448
2025-04-15,2025-10-14 12:00:00,0.0,13.544252963385448
2025-04-15,2025-10-14 12:00:00,0.0,8.530454583106753
2025-04-15,2025-10-14 12:00:00,0.0,0.0
2025-04-15,2025-10-14 12:00:00,0.0,0.0
2025-04-15,2025-10-14 12:00:00,0.0,0.0
2025-04-15,2025-10-14 12:00:00,0.0,0.0
2025-04-15,2025-10-14 12:00:00,0.0,0.0
2025-04-15,2025-10-14 12:00:00,0.0,0.0
2025-04-15,2025-10-14 12:00:00,0.0,0.0
2025-04-15,2025-10-14 12:00:00,0.0,0.0
2025-04-15,2025-10-14 12:00:00,0.0,0.0
2025-04-15,2025-10-14 12:00:00,0.0,0.0
2025-04-15,2025-10-14 12:00:00,0.0,0.0
2025-04-15,2025-10-14 12:00:00,0.0,0.0
2025-04-15,2025-10-14 12:00:00,0.0,0.0
2025-04-15,2025-10-14 12:00:00,0.0,0.0
2025-04-15,2025-10-14 12:00:00,0.0,0.0
2025-04-15,2025-10-14 12:00:00,0.0,0.0
2025-04-15,2025-10-14 12:00:00,0.0,0.0
2025-04-15,2025-10-14 12:00:00,0.0,0.0
2025-04-15,2025-10-14 12:00:00,0.0,0.0
2025-04-15,2025-10-14 12:00:00,0.0,0.0
2025-04-15,2025-10-14 12:00:00,0.0,0.0
2025-04-15,2025-10-14 12:00:00,0.0,0.0
2025-04-15,2025-10-14 12:00:00,0.0,0.0
2025-04-15,2025-10-14 12:00:00,0.0,0.0
2025-04-15,2025-10-14 12:00:00,0.0,0.0
2025-04-15,2025-10-14 12:00:00,0.0,0.0
2025-04-15,2025-10-14 12:00:00,0.0,0.0
2025-04-15,2025-10-14 12:00:00,0.0,0.0
2025-04-15,2025-10-14 12:00:00,0.0,0.0
2025-04-15,2025-10-14 12:00:00,0.0,0.0
2025-04-15,2025-10-14 12:00:00,0.0,0.0
2025-04-15,2025-10-14 12:00:00,0.0,0.0
2025-04-15,2025-10-14 12:00:00,0.0,0.06483436874377688
2025-04-15,2025-10-14 12:00:00,0.0,3.4646268521174317
2025-04-15,2025-10-14 12:00:00,0.0,3.4646268521174317
2025-04-15,2025-10-14 12:00:00,0.0,3.4646268521174317
2025-04-15,2025-10-14 12:00:00,0.0,3.4646268521174317
2025-04-15,2025-10-14 12:00:00,0.0,3.4646268521174317
2025-04-15,2025-10-14 12:00:00,0.0,3.4646268521174317
2025-04-15,2025-10-14 12:00:00,0.0,12.582776570117817
2025-04-15,2025-10-14 12:00:00,0.0,13.544252963385448
2025-04-15,2025-10-14 12:00:00,0.0,13.544252963385448
2025-04-15,2025-10-14 12:00:00,0.0,3.4778359771890277
2025-04-15,2025-10-14 12:00:00,0.0,0.0
2025-04-15,2025-10-14 12:00:00,0.0,0.0
2025-04-15,2025-10-14 12:00:00,0.0,0.0
2025-04-15,2025-10-14 12:00:00,0.0,0.0
2025-04-15,2025-10-14 12:00:00,0.0,0.0
2025-04-15,2025-10-14 12:00:00,0.0,0.0
2025-04-15,2025-10-14 12:00:00,0.0,0.0
2025-04-15,2025-10-14 12:00:00,0.0,0.0
2025-04-15,2025-10-14 12:00:00,0.0,0.0
2025-04-15,2025-10-14 12:00:00,0.0,0.0
2025-04-15,2025-10-14 12:00:00,0.0,0.0
2025-04-15,2025-10-14 12:00:00,0.0,0.0
2025-04-15,2025-10-14 12:00:00,0.0,0.0
2025-04-15,2025-10-14 12:00:00,0.0,0.0
2025-04-15,2025-10-14 12:00:00,0.0,0.0
2025-04-15,2025-10-14 12:00:00,0.0,0.0
2025-04-15,2025-10-14 12:00:00,0.0,0.0
2025-04-15,2025-10-14 12:00:00,0.0,0.0
2025-04-15,2025-10-14 12:00:00,0.0,0.0
2025-04-15,2025-10-14 12:00:00,0.0,0.0
2025-04-15,2025-10-14 12:00:00,0.0,0.0
2025-04-15,2025-10-14 12:00:00,0.0,0.0
2025-04-15,2025-10-14 12:00:00,0.0,0.0
2025-04-15,2025-10-14 12:00:00,0.0,0.0
2025-04-15,2025-10-14 12:00:00,0.0,0.0
2025-04-15,2025-10-14 12:00:00,0.0,0.0
2025-04-15,2025-10-14 12:00:00,0.0,0.0
2025-04-15,2025-10-14 12:00:00,0.0,0.0
2025-04-15,2025-10-14 12:00:00,0.0,0.0
2025-04-15,2025-10-14 12:00:00,0.0,0.0
2025-04-15,2025-10-14 12:00:00,0.0,0.0
2025-04-15,2025-10-14 12:00:00,0.0,0.0
2025-04-15,2025-10-14 12:00:00,0.0,0.0
2025-04-15,2025-10-14 12:00:00,0.0,3.4646268521174317
2025-04-15,2025-10-14 12:00:00,0.0,3.4646268521174317
2025-04-15,2025-10-14 12:00:00,0.0,3.4646268521174317
2025-04-15,2025-10-14 12:00:00,0.0,3.4646268521174317
2025-04-15,2025-10-14 12:00:00,0.0,3.4646268521174317
2025-04-15,2025-10-14 12:00:00,0.0,3.4646268521174317
2025-04-15,2025-10-14 12:00:00,0.0,10.327453927460459
2025-04-15,2025-10-14 12:00:00,0.0,13.544252963385448
2025-04-15,2025-10-14 12:00:00,0.0,13.544252963385448
2025-04-15,2025-10-14 12:00:00,0.0,9.615703082388464
2025-04-15,2025-10-14 12:00:00,0.0,0.0
2025-04-15,2025-10-14 12:00:00,0.0,0.0
2025-04-15,2025-10-14 12:00:00,0.0,0.0
2025-04-15,2025-10-14 12:00:00,0.0,0.0
2025-04-15,2025-10-14 12:00:00,0.0,0.0
2025-04-15,2025-10-14 12:00:00,0.0,0.0
2025-04-15,2025-10-14 12:00:00,0.0,0.0
2025-04-15,2025-10-14 12:00:00,0.0,0.0
2025-04-15,2025-10-14 12:00:00,0.0,0.0
2025-04-15,2025-10-14 12:00:00,0.0,0.0
2025-04-15,2025-10-14 12:00:00,0.0,0.0
2025-04-15,2025-10-14 12:00:00,0.0,0.0
2025-04-15,2025-10-14 12:00:00,0.0,0.0
2025-04-15,2025-10-14 12:00:00,0.0,0.0
2025-04-15,2025-10-14 12:00:00,0.0,0.0
2025-04-15,2025-10-14 12:00:00,0.0,0.0
2025-04-15,2025-10-14 12:00:00,0.0,0.0
2025-04-15,2025-10-14 12:00:00,0.0,0.0
2025-04-15,2025-10-14 12:00:00,0.0,0.0
2025-04-15,2025-10-14 12:00:00,0.0,0.0
2025-04-15,2025-10-14 12:00:00,0.0,0.0
2025-04-15,2025-10-14 12:00:00,0.0,0.0
2025-04-15,2025-10-14 12:00:00,0.0,0.0
2025-04-15,2025-10-14 12:00:00,0.0,0.0
2025-04-15,2025-10-14 12:00:00,0.0,0.0
2025-04-15,2025-10-14 12:00:00,0.0,0.0
2025-04-15,2025-10-14 12:00:00,0.0,0.0
2025-04-15,2025-10-14 12:00:00,0.0,0.0
2025-04-15,2025-10-14 12:00:00,0.0,0.0
2025-04-15,2025-10-14 12:00:00,0.0,0.0
2025-04-15,2025-10-14 12:00:00,0.0,0.0
2025-04-15,2025-10-14 12:00:00,0.0,0.0
2025-04-15,2025-10-14 12:00:00,0.0,0.0
2025-04-15,2025-10-14 12:00:00,0.0,3.4646268521174317
2025-04-15,2025-10-14 12:00:00,0.0,3.4646268521174317
2025-04-15,2025-10-14 12:00:00,0.0,3.4646268521174317
2025-04-15,2025-10-14 12:00:00,0.0,3.4646268521174317
2025-04-15,2025-10-14 12:00:00,0.0,3.4646268521174317
2025-04-15,2025-10-14 12:00:00,0.0,5.983085920608579
2025-04-15,2025-10-14 12:00:00,0.0,13.544252963385448
2025-04-15,2025-10-14 12:00:00,0.0,13.544252963385448
2025-04-15,2025-10-14 12:00:00,0.0,13.544252963385448
2025-04-15,2025-10-14 12:00:00,0.0,4.681974934864998
2025-04-15,2025-10-14 12:00:00,0.0,0.0
2025-04-15,2025-10-14 12:00:00,0.0,0.0
2025-04-15,2025-10-14 12:00:00,0.0,0.0
2025-04-15,2025-10-14 12:00:00,0.0,0.0
2025-04-15,2025-10-14 12:00:00,0.0,0.0
2025-04-15,2025-10-14 12:00:00,0.0,0.0
2025-04-15,2025-10-14 12:00:00,0.0,0.0
2025-04-15,2025-10-14 12:00:00,0.0,0.0
2025-04-15,2025-10-14 12:00:00,0.0,0.0
2025-04-15,2025-10-14 12:00:00,0.0,0.0
2025-04-15,2025-10-14 12:00:00,0.0,0.0
2025-04-15,2025-10-14 12:00:00,0.0,0.0
2025-04-15,2025-10-14 12:00:00,0.0,0.0
2025-04-15,2025-10-14 12:00:00,0.0,0.0
2025-04-15,2025-10-14 12:00:00,0.0,0.0
2025-04-15,2025-10-14 12:00:00,0.0,0.0
2025-04-15,2025-10-14 12:00:00,0.0,0.0
2025-04-15,2025-10-14 12:00:00,0.0,0.0
2025-04-15,2025-10-14 12:00:00,0.0,0.0
2025-04-15,2025-10-14 12:00:00,0.0,0.0
2025-04-15,2025-10-14 12:00:00,0.0,0.0
2025-04-15,2025-10-14 12:00:00,0.0,0.19674671353600637
2025-04-15,2025-10-14 12:00:00,0.0,0.0
2025-04-15,2025-10-14 12:00:00,0.0,0.0
2025-04-15,2025-10-14 12:00:00,0.0,0.0
2025-04-15,2025-10-14 12:00:00,0.0,0.0
2025-04-15,2025-10-14 12:00:00,0.0,0.0
2025-04-15,2025-10-14 12:00:00,0.0,0.0
2025-04-15,2025-10-14 12:00:00,0.0,0.0
2025-04-15,2025-10-14 12:00:00,0.0,0.0
2025-04-15,2025-10-14 12:00:00,0.0,0.0
2025-04-15,2025-10-14 12:00:00,0.0,0.0
2025-04-15,2025-10-14 12:00:00,0.0,0.0
2025-04-15,2025-10-14 12:00:00,0.0,0.7231512159885106
2025-04-15,2025-10-14 12:00:00,0.0,3.4646268521174317
2025-04-15,2025-10-14 12:00:00,0.0,3.4646268521174317
2025-04-15,2025-10-14 12:00:00,0.0,3.4646268521174317
2025-04-15,2025-10-14 12:00:00,0.0,3.4646268521174317
2025-04-15,2025-10-14 12:00:00,0.0,3.4646268521174317
2025-04-15,2025-10-14 12:00:00,0.0,12.759108824484505
2025-04-15,2025-10-14 12:00:00,0.0,13.544252963385448
2025-04-15,2025-10-14 12:00:00,0.0,13.544252963385448
2025-04-15,2025-10-14 12:00:00,0.0,13.544252963385448
2025-04-15,2025-10-14 12:00:00,0.0,0.0
2025-04-15,2025-10-14 12:00:00,0.0,0.0
2025-04-15,2025-10-14 12:00:00,0.0,0.0
2025-04-15,2025-10-14 12:00:00,0.0,0.0
2025-04-15,2025-10-14 12:00:00,0.0,0.0
2025-04-15,2025-10-14 12:00:00,0.0,0.0
2025-04-15,2025-10-14 12:00:00,0.0,0.0
2025-04-15,2025-10-14 12:00:00,0.0,0.0
2025-04-15,2025-10-14 12:00:00,0.0,0.0
2025-04-15,2025-10-14 12:00:00,0.0,0.0
2025-04-15,2025-10-14 12:00:00,0.0,0.0
2025-04-15,2025-10-14 12:00:00,0.0,0.0
2025-04-15,2025-10-14 12:00:00,0.0,0.0
2025-04-15,2025-10-14 12:00:00,0.0,0.0
2025-04-15,2025-10-14 12:00:00,0.0,0.0
2025-04-15,2025-10-14 12:00:00,0.0,2.676297829275562
2025-04-15,2025-10-14 12:00:00,0.0,0.0
2025-04-15,2025-10-14 12:00:00,0.0,0.0
2025-04-15,2025-10-14 12:00:00,0.0,0.0
2025-04-15,2025-10-14 12:00:00,0.0,0.0
2025-04-15,2025-10-14 12:00:00,0.0,4.569277755746768
2025-04-15,2025-10-14 12:00:00,0.0,2.22036965250226
2025-04-15,2025-10-14 12:00:00,0.0,0.0
2025-04-15,2025-10-14 12:00:00,0.0,0.0
2025-04-15,2025-10-14 12:00:00,0.0,0.0
2025-04-15,2025-10-14 12:00:00,0.0,0.0
2025-04-15,2025-10-14 12:00:00,0.0,0.0
2025-04-15,2025-10-14 12:00:00,0.0,0.0
2025-04-15,2025-10-14 12:00:00,0.0,0.0
2025-04-15,2025-10-14 12:00:00,0.0,0.0
2025-04-15,2025-10-14 12:00:00,0.0,0.0
2025-04-15,2025-10-14 12:00:00,0.0,0.0
2025-04-15,2025-10-14 12:00:00,0.0,0.0
2025-04-15,2025-10-14 12:00:00,0.0,3.4646268521174317
2025-04-15,2025-10-14 12:00:00,0.0,3.4646268521174317
2025-04-15,2025-10-14 12:00:00,0.0,3.4646268521174317
2025-04-15,2025-10-14 12:00:00,0.0,3.4646268521174317
2025-04-15,2025-10-14 12:00:00,0.0,3.4646268521174317
2025-04-15,2025-10-14 12:00:00,0.0,10.936392145504302
2025-04-15,2025-10-14 12:00:00,0.0,13.544252963385448
2025-04-15,2025-10-14 12:00:00,0.0,13.544252963385448
2025-04-15,2025-10-14 12:00:00,0.0,13.544252963385448
2025-04-15,2025-10-14 12:00:00,0.0,5.634445587377178
2025-04-15,2025-10-14 12:00:00,0.0,0.0
2025-04-15,2025-10-14 12:00:00,0.0,0.0
2025-04-15,2025-10-14 12:00:00,0.0,0.21026242977099555
2025-04-15,2025-10-14 12:00:00,0.0,3.8289234581923925
2025-04-15,2025-10-14 12:00:00,0.0,1.065628805353009
2025-04-15,2025-10-14 12:00:00,0.0,0.6605168868401075
2025-04-15,2025-10-14 12:00:00,0.0,0.0
2025-04-15,2025-10-14 12:00:00,0.0,0.0
2025-04-15,2025-10-14 12:00:00,0.0,0.0
2025-04-15,2025-10-14 12:00:00,0.0,0.0
2025-04-15,2025-10-14 12:00:00,0.0,0.0
2025-04-15,2025-10-14 12:00:00,0.0,0.0
2025-04-15,2025-10-14 12:00:00,0.0,0.0
2025-04-15,2025-10-14 12:00:00,0.0,0.0
2025-04-15,2025-10-14 12:00:00,0.0,0.0
2025-04-15,2025-10-14 12:00:00,0.0,4.5098959776657725
2025-04-15,2025-10-14 12:00:00,0.0,1.072645608394568
2025-04-15,2025-10-14 12:00:00,0.0,0.0
2025-04-15,2025-10-14 12:00:00,0.0,0.0
2025-04-15,2025-10-14 12:00:00,0.0,0.0
2025-04-15,2025-10-14 12:00:00,0.0,4.569277755746768
2025-04-15,2025-10-14 12:00:00,0.0,4.569277755746768
2025-04-15,2025-10-14 12:00:00,0.0,4.569277755746768
2025-04-15,2025-10-14 12:00:00,0.0,1.685458643554307
2025-04-15,2025-10-14 12:00:00,0.0,0.0
2025-04-15,2025-10-14 12:00:00,0.0,0.0
2025-04-15,2025-10-14 12:00:00,0.0,0.0
2025-04-15,2025-10-14 12:00:00,0.0,0.0
2025-04-15,2025-10-14 12:00:00,0.0,0.0
2025-04-15,2025-10-14 12:00:00,0.0,0.0
2025-04-15,2025-10-14 12:00:00,0.0,0.0
2025-04-15,2025-10-14 12:00:00,0.0,0.0
2025-04-15,2025-10-14 12:00:00,0.0,0.0
2025-04-15,2025-10-14 12:00:00,0.0,0.3682307853527033
2025-04-15,2025-10-14 12:00:00,0.0,2.2097089544167825
2025-04-15,2025-10-14 12:00:00,0.0,2.630664083818659
2025-04-15,2025-10-14 12:00:00,0.0,3.4646268521174317
2025-04-15,2025-10-14 12:00:00,0.0,3.4646268521174317
2025-04-15,2025-10-14 12:00:00,0.0,9.997466154824917
2025-04-15,2025-10-14 12:00:00,0.0,12.02118877209648
2025-04-15,2025-10-14 12:00:00,0.0,13.544252963385448
2025-04-15,2025-10-14 12:00:00,0.0,13.544252963385448
2025-04-15,2025-10-14 12:00:00,0.0,9.269125023434547
2025-04-15,2025-10-14 12:00:00,0.0,1.1255280697047116
2025-04-15,2025-10-14 12:00:00,0.0,3.8289234581923925
2025-04-15,2025-10-14 12:00:00,0.0,3.8289234581923925
2025-04-15,2025-10-14 12:00:00,0.0,3.8289234581923925
2025-04-15,2025-10-14 12:00:00,0.0,3.8289234581923925
2025-04-15,2025-10-14 12:00:00,0.0,3.8289234581923925
2025-04-15,2025-10-14 12:00:00,0.0,3.8289234581923925
2025-04-15,2025-10-14 12:00:00,0.0,0.0
2025-04-15,2025-10-14 12:00:00,0.0,0.0
2025-04-15,2025-10-14 12:00:00,0.0,0.0
2025-04-15,2025-10-14 12:00:00,0.0,0.0
2025-04-15,2025-10-14 12:00:00,0.0,0.0
2025-04-15,2025-10-14 12:00:00,0.0,0.0
2025-04-15,2025-10-14 12:00:00,0.0,0.0
2025-04-15,2025-10-14 12:00:00,0.0,4.5098959776657725
2025-04-15,2025-10-14 12:00:00,0.0,4.5098959776657725
2025-04-15,2025-10-14 12:00:00,0.0,0.0
2025-04-15,2025-10-14 12:00:00,0.0,0.0
2025-04-15,2025-10-14 12:00:00,0.0,0.0
2025-04-15,2025-10-14 12:00:00,0.0,4.569277755746768
2025-04-15,2025-10-14 12:00:00,0.0,4.569277755746768
2025-04-15,2025-10-14 12:00:00,0.0,4.569277755746768
2025-04-15,2025-10-14 12:00:00,0.0,4.569277755746768
2025-04-15,2025-10-14 12:00:00,0.0,3.9744997950233385
2025-04-15,2025-10-14 12:00:00,0.0,3.386699410032243
2025-04-15,2025-10-14 12:00:00,0.0,0.9687212800444424
2025-04-15,2025-10-14 12:00:00,0.0,0.0
2025-04-15,2025-10-14 12:00:00,0.0,0.0
2025-04-15,2025-10-14 12:00:00,0.0,0.0
2025-04-15,2025-10-14 12:00:00,0.0,0.0
2025-04-15,2025-10-14 12:00:00,0.0,0.0
2025-04-15,2025-10-14 12:00:00,0.0,0.0
2025-04-15,2025-10-14 12:00:00,0.0,0.0
2025-04-15,2025-10-14 12:00:00,0.0,1.4713195759141622
2025-04-15,2025-10-14 12:00:00,0.0,1.9330815442138993
2025-04-15,2025-10-14 12:00:00,0.0,2.398325992054252
2025-04-15,2025-10-14 12:00:00,0.0,3.4646268521174317
2025-04-15,2025-10-14 12:00:00,0.0,7.745965986698407
2025-04-15,2025-10-14 12:00:00,0.0,9.997466154824917
2025-04-15,2025-10-14 12:00:00,0.0,13.136851796091976
2025-04-15,2025-10-14 12:00:00,0.0,13.544252963385448
2025-04-15,2025-10-14 12:00:00,0.0,9.430023358465448
2025-04-15,2025-10-14 12:00:00,0.0,1.9146508194020777
2025-04-15,2025-10-14 12:00:00,0.0,2.9309815024639887
2025-04-15,2025-10-14 12:00:00,0.0,3.8289234581923925
2025-04-15,2025-10-14 12:00:00,0.0,3.8289234581923925
2025-04-15,2025-10-14 12:00:00,0.0,3.8289234581923925
2025-04-15,2025-10-14 12:00:00,0.0,3.8289234581923925
2025-04-15,2025-10-14 12:00:00,0.0,3.8289234581923925
2025-04-15,2025-10-14 12:00:00,0.0,2.6983565820001307
2025-04-15,2025-10-14 12:00:00,0.0,0.0
2025-04-15,2025-10-14 12:00:00,0.0,0.0
2025-04-15,2025-10-14 12:00:00,0.0,0.0
2025-04-15,2025-10-14 12:00:00,0.0,0.0
2025-04-15,2025-10-14 12:00:00,0.0,0.0
2025-04-15,2025-10-14 12:00:00,0.0,0.0
2025-04-15,2025-10-14 12:00:00,0.0,0.0
2025-04-15,2025-10-14 12:00:00,0.0,0.12417192781042521
2025-04-15,2025-10-14 12:00:00,0.0,4.5098959776657725
2025-04-15,2025-10-14 12:00:00,0.0,2.9334280874086267
2025-04-15,2025-10-14 12:00:00,0.0,0.0
2025-04-15,2025-10-14 12:00:00,0.0,0.0
2025-04-15,2025-10-14 12:00:00,0.0,4.703676323635331
2025-04-15,2025-10-14 12:00:00,0.0,4.569277755746768
2025-04-15,2025-10-14 12:00:00,0.0,4.569277755746768
2025-04-15,2025-10-14 12:00:00,0.0,4.569277755746768
2025-04-15,2025-10-14 12:00:00,0.0,4.020923877167012
2025-04-15,2025-10-14 12:00:00,0.0,3.4176833495178753
2025-04-15,2025-10-14 12:00:00,0.0,2.8371730179126176
2025-04-15,2025-10-14 12:00:00,0.0,2.8371730179126176
2025-04-15,2025-10-14 12:00:00,0.0,0.7886190430522945
2025-04-15,2025-10-14 12:00:00,0.0,0.0
2025-04-15,2025-10-14 12:00:00,0.0,0.0
2025-04-15,2025-10-14 12:00:00,0.0,0.0
2025-04-15,2025-10-14 12:00:00,0.0,0.0
2025-04-15,2025-10-14 12:00:00,0.0,0.0
2025-04-15,2025-10-14 12:00:00,0.0,0.6006147823117974
2025-04-15,2025-10-14 12:00:00,0.0,0.6006147823117974
2025-04-15,2025-10-14 12:00:00,0.0,1.7003102957549592
2025-04-15,2025-10-14 12:00:00,0.0,2.2179152978810355
2025-04-15,2025-10-14 12:00:00,0.0,9.997466154824917
2025-04-15,2025-10-14 12:00:00,0.0,9.997466154824917
2025-04-15,2025-10-14 12:00:00,0.0,11.374035798195305
2025-04-15,2025-10-14 12:00:00,0.0,11.617459446127459
2025-04-15,2025-10-14 12:00:00,0.0,11.032340116034852
2025-04-15,2025-10-14 12:00:00,0.0,1.4511338862210663
2025-04-15,2025-10-14 12:00:00,0.0,2.0815207721094793
2025-04-15,2025-10-14 12:00:00,0.0,3.0934189908264664
2025-04-15,2025-10-14 12:00:00,0.0,3.8289234581923925
2025-04-15,2025-10-14 12:00:00,0.0,3.8289234581923925
2025-04-15,2025-10-14 12:00:00,0.0,3.8289234581923925
2025-04-15,2025-10-14 12:00:00,0.0,3.8289234581923925
2025-04-15,2025-10-14 12:00:00,0.0,3.8289234581923925
2025-04-15,2025-10-14 12:00:00,0.0,0.0
2025-04-15,2025-10-14 12:00:00,0.0,0.0
2025-04-15,2025-10-14 12:00:00,0.0,0.0
2025-04-15,2025-10-14 12:00:00,0.0,0.0
2025-04-15,2025-10-14 12:00:00,0.0,0.0
2025-04-15,2025-10-14 12:00:00,0.0,0.0
2025-04-15,2025-10-14 12:00:00,0.0,0.0
2025-04-15,2025-10-14 12:00:00,0.0,4.5098959776657725
2025-04-15,2025-10-14 12:00:00,0.0,4.5098959776657725
2025-04-15,2025-10-14 12:00:00,0.0,0.43961398902169174
2025-04-15,2025-10-14 12:00:00,0.0,0.0
2025-04-15,2025-10-14 12:00:00,0.0,5.0359190659384145
2025-04-15,2025-10-14 12:00:00,0.0,4.569277755746768
2025-04-15,2025-10-14 12:00:00,0.0,4.569277755746768
2025-04-15,2025-10-14 12:00:00,0.0,4.569277755746768
2025-04-15,2025-10-14 12:00:00,0.0,4.094838726328228
2025-04-15,2025-10-14 12:00:00,0.0,3.471074376984254
2025-04-15,2025-10-14 12:00:00,0.0,2.8371730179126176
2025-04-15,2025-10-14 12:00:00,0.0,2.8371730179126176
2025-04-15,2025-10-14 12:00:00,0.0,2.8371730179126176
2025-04-15,2025-10-14 12:00:00,0.0,0.0
2025-04-15,2025-10-14 12:00:00,0.0,0.0
2025-04-15,2025-10-14 12:00:00,0.0,0.0
2025-04-15,2025-10-14 12:00:00,0.0,0.0
2025-04-15,2025-10-14 12:00:00,0.0,0.0
2025-04-15,2025-10-14 12:00:00,0.0,0.6006147823117974
2025-04-15,2025-10-14 12:00:00,0.0,0.6006147823117974
2025-04-15,2025-10-14 12:00:00,0.0,0.6006147823117974
2025-04-15,2025-10-14 12:00:00,0.0,1.530393283010323
2025-04-15,2025-10-14 12:00:00,0.0,6.808195959475772
2025-04-15,2025-10-14 12:00:00,0.0,9.997466154824917
2025-04-15,2025-10-14 12:00:00,0.0,9.997466154824917
2025-04-15,2025-10-14 12:00:00,0.0,10.182664186413204
2025-04-15,2025-10-14 12:00:00,0.0,9.350239439078539
2025-04-15,2025-10-14 12:00:00,0.0,1.4511338862210663
2025-04-15,2025-10-14 12:00:00,0.0,1.4511338862210663
2025-04-15,2025-10-14 12:00:00,0.0,2.268135379327256
2025-04-15,2025-10-14 12:00:00,0.0,3.249442184919366
2025-04-15,2025-10-14 12:00:00,0.0,3.8289234581923925
2025-04-15,2025-10-14 12:00:00,0.0,3.8289234581923925
2025-04-15,2025-10-14 12:00:00,0.0,3.8289234581923925
2025-04-15,2025-10-14 12:00:00,0.0,3.8289234581923925
2025-04-15,2025-10-14 12:00:00,0.0,2.6355386500579003
2025-04-15,2025-10-14 12:00:00,0.0,0.0
2025-04-15,2025-10-14 12:00:00,0.0,0.0
2025-04-15,2025-10-14 12:00:00,0.0,0.0
2025-04-15,2025-10-14 12:00:00,0.0,0.0
2025-04-15,2025-10-14 12:00:00,0.0,0.0
2025-04-15,2025-10-14 12:00:00,0.0,0.0
2025-04-15,2025-10-14 12:00:00,0.0,0.0
2025-04-15,2025-10-14 12:00:00,0.0,4.5098959776657725
2025-04-15,2025-10-14 12:00:00,0.0,4.5098959776657725
2025-04-15,2025-10-14 12:00:00,0.0,4.5098959776657725
2025-04-15,2025-10-14 12:00:00,0.0,1.0958318469497257
2025-04-15,2025-10-14 12:00:00,0.0,3.0649525479732533
2025-04-15,2025-10-14 12:00:00,0.0,4.722646262930274
2025-04-15,2025-10-14 12:00:00,0.0,4.569277755746768
2025-04-15,2025-10-14 12:00:00,0.0,4.569277755746768
2025-04-15,2025-10-14 12:00:00,0.0,4.206217026104489
2025-04-15,2025-10-14 12:00:00,0.0,2.8371730179126176
2025-04-15,2025-10-14 12:00:00,0.0,2.8371730179126176
2025-04-15,2025-10-14 12:00:00,0.0,2.8371730179126176
2025-04-15,2025-10-14 12:00:00,0.0,2.8371730179126176
2025-04-15,2025-10-14 12:00:00,0.0,2.8371730179126176
2025-04-15,2025-10-14 12:00:00,0.0,0.0
2025-04-15,2025-10-14 12:00:00,0.0,0.0
2025-04-15,2025-10-14 12:00:00,0.0,0.0
2025-04-15,2025-10-14 12:00:00,0.0,0.0
2025-04-15,2025-10-14 12:00:00,0.0,0.6006147823117974
2025-04-15,2025-10-14 12:00:00,0.0,0.6006147823117974
2025-04-15,2025-10-14 12:00:00,0.0,0.6006147823117974
2025-04-15,2025-10-14 12:00:00,0.0,0.6006147823117974
2025-04-15,2025-10-14 12:00:00,0.0,4.218201224418758
2025-04-15,2025-10-14 12:00:00,0.0,9.997466154824917
2025-04-15,2025-10-14 12:00:00,0.0,9.997466154824917
2025-04-15,2025-10-14 12:00:00,0.0,9.997466154824917
2025-04-15,2025-10-14 12:00:00,0.0,6.873869643439993
2025-04-15,2025-10-14 12:00:00,0.0,4.54988637554471
2025-04-15,2025-10-14 12:00:00,0.0,1.4511338862210663
2025-04-15,2025-10-14 12:00:00,0.0,1.4511338862210663
2025-04-15,2025-10-14 12:00:00,0.0,2.5071610002924025
2025-04-15,2025-10-14 12:00:00,0.0,3.5600598991840267
2025-04-15,2025-10-14 12:00:00,0.0,3.8289234581923925
2025-04-15,2025-10-14 12:00:00,0.0,3.8289234581923925
2025-04-15,2025-10-14 12:00:00,0.0,3.8289234581923925
2025-04-15,2025-10-14 12:00:00,0.0,3.7371271955148946
2025-04-15,2025-10-14 12:00:00,0.0,0.0
2025-04-15,2025-10-14 12:00:00,0.0,0.0
2025-04-15,2025-10-14 12:00:00,0.0,0.0
2025-04-15,2025-10-14 12:00:00,0.0,0.0
2025-04-15,2025-10-14 12:00:00,0.0,0.0
2025-04-15,2025-10-14 12:00:00,0.0,0.0
2025-04-15,2025-10-14 12:00:00,0.0,1.7302296005944784
2025-04-15,2025-10-14 12:00:00,0.0,4.5098959776657725
2025-04-15,2025-10-14 12:00:00,0.0,4.5098959776657725
2025-04-15,2025-10-14 12:00:00,0.0,4.830653497020864
2025-04-15,2025-10-14 12:00:00,0.0,3.805382160095684
2025-04-15,2025-10-14 12:00:00,0.0,5.084771414309518
2025-04-15,2025-10-14 12:00:00,0.0,4.569277755746768
2025-04-15,2025-10-14 12:00:00,0.0,4.569277755746768
2025-04-15,2025-10-14 12:00:00,0.0,4.569277755746768
2025-04-15,2025-10-14 12:00:00,0.0,3.669619093331666
2025-04-15,2025-10-14 12:00:00,0.0,2.8371730179126176
2025-04-15,2025-10-14 12:00:00,0.0,2.8371730179126176
2025-04-15,2025-10-14 12:00:00,0.0,2.8371730179126176
2025-04-15,2025-10-14 12:00:00,0.0,2.8371730179126176
2025-04-15,2025-10-14 12:00:00,0.0,0.11924344254397967
2025-04-15,2025-10-14 12:00:00,0.0,0.0
2025-04-15,2025-10-14 12:00:00,0.0,0.0
2025-04-15,2025-10-14 12:00:00,0.0,0.0
2025-04-15,2025-10-14 12:00:00,0.0,0.0
2025-04-15,2025-10-14 12:00:00,0.0,0.6006147823117974
2025-04-15,2025-10-14 12:00:00,0.0,0.6006147823117974
2025-04-15,2025-10-14 12:00:00,0.0,0.6006147823117974
2025-04-15,2025-10-14 12:00:00,0.0,0.6006147823117974
2025-04-15,2025-10-14 12:00:00,0.0,7.326210039793832
2025-04-15,2025-10-14 12:00:00,0.0,9.997466154824917
2025-04-15,2025-10-14 12:00:00,0.0,9.997466154824917
2025-04-15,2025-10-14 12:00:00,0.0,5.112324087369974
2025-04-15,2025-10-14 12:00:00,0.0,3.648345129006509
2025-04-15,2025-10-14 12:00:00,0.0,1.4511338862210663
2025-04-15,2025-10-14 12:00:00,0.0,1.4511338862210663
2025-04-15,2025-10-14 12:00:00,0.0,1.7646099137218743
2025-04-15,2025-10-14 12:00:00,0.0,3.098768488567338
2025-04-15,2025-10-14 12:00:00,0.0,3.2566563115825407
2025-04-15,2025-10-14 12:00:00,0.0,3.444362723685119
2025-04-15,2025-10-14 12:00:00,0.0,3.683209824864081
2025-04-15,2025-10-14 12:00:00,0.0,3.6485838333387184
2025-04-15,2025-10-14 12:00:00,0.0,2.722518159646493
2025-04-15,2025-10-14 12:00:00,0.0,0.0
2025-04-15,2025-10-14 12:00:00,0.0,0.0
2025-04-15,2025-10-14 12:00:00,0.0,0.0
2025-04-15,2025-10-14 12:00:00,0.0,0.0
2025-04-15,2025-10-14 12:00:00,0.0,0.0
2025-04-15,2025-10-14 12:00:00,0.0,0.0
2025-04-15,2025-10-14 12:00:00,0.0,0.0
2025-04-15,2025-10-14 12:00:00,0.0,4.5098959776657725
2025-04-15,2025-10-14 12:00:00,0.0,4.5098959776657725
2025-04-15,2025-10-14 12:00:00,0.0,4.5098959776657725
2025-04-15,2025-10-14 12:00:00,0.0,5.301757868884756
2025-04-15,2025-10-14 12:00:00,0.0,5.301757868884756
2025-04-15,2025-10-14 12:00:00,0.0,4.743943482283682
2025-04-15,2025-10-14 12:00:00,0.0,2.148755082749739
2025-04-15,2025-10-14 12:00:00,0.0,1.2322297455937994
2025-04-15,2025-10-14 12:00:00,0.0,1.8977951545959224
2025-04-15,2025-10-14 12:00:00,0.0,2.716583028476502
2025-04-15,2025-10-14 12:00:00,0.0,2.8371730179126176
2025-04-15,2025-10-14 12:00:00,0.0,2.8371730179126176
2025-04-15,2025-10-14 12:00:00,0.0,2.8371730179126176
2025-04-15,2025-10-14 12:00:00,0.0,2.8371730179126176
2025-04-15,2025-10-14 12:00:00,0.0,0.0
2025-04-15,2025-10-14 12:00:00,0.0,0.0
2025-04-15,2025-10-14 12:00:00,0.0,0.0
2025-04-15,2025-10-14 12:00:00,0.0,0.0
2025-04-15,2025-10-14 12:00:00,0.0,0.6006147823117974
2025-04-15,2025-10-14 12:00:00,0.0,0.6006147823117974
2025-04-15,2025-10-14 12:00:00,0.0,0.6006147823117974
2025-04-15,2025-10-14 12:00:00,0.0,0.6006147823117974
2025-04-15,2025-10-14 12:00:00,0.0,4.598632915943797
2025-04-15,2025-10-14 12:00:00,0.0,9.997466154824917
2025-04-15,2025-10-14 12:00:00,0.0,9.997466154824917
2025-04-15,2025-10-14 12:00:00,0.0,7.170992431994399
2025-04-15,2025-10-14 12:00:00,0.0,0.8655107337177814
2025-04-15,2025-10-14 12:00:00,0.0,1.4511338862210663
2025-04-15,2025-10-14 12:00:00,0.0,1.4511338862210663
2025-04-15,2025-10-14 12:00:00,0.0,1.6832354274816839
2025-04-15,2025-10-14 12:00:00,0.0,2.655676955015139
2025-04-15,2025-10-14 12:00:00,0.0,2.8401102572385635
2025-04-15,2025-10-14 12:00:00,0.0,2.9553043937509114
2025-04-15,2025-10-14 12:00:00,0.0,3.203498044925753
2025-04-15,2025-10-14 12:00:00,0.0,3.4513793871365714
2025-04-15,2025-10-14 12:00:00,0.0,3.45478467578834
2025-04-15,2025-10-14 12:00:00,0.0,0.0
2025-04-15,2025-10-14 12:00:00,0.0,0.0
2025-04-15,2025-10-14 12:00:00,0.0,0.0
2025-04-15,2025-10-14 12:00:00,0.0,0.0
2025-04-15,2025-10-14 12:00:00,0.0,0.0
2025-04-15,2025-10-14 12:00:00,0.0,0.0
2025-04-15,2025-10-14 12:00:00,0.0,3.34285160914737
2025-04-15,2025-10-14 12:00:00,0.0,4.5098959776657725
2025-04-15,2025-10-14 12:00:00,0.0,4.5098959776657725
2025-04-15,2025-10-14 12:00:00,0.0,5.024169757518828
2025-04-15,2025-10-14 12:00:00,0.0,5.301757868884756
2025-04-15,2025-10-14 12:00:00,0.0,5.129142878058433
2025-04-15,2025-10-14 12:00:00,0.0,4.569277755746768
2025-04-15,2025-10-14 12:00:00,0.0,0.0
2025-04-15,2025-10-14 12:00:00,0.0,0.0
2025-04-15,2025-10-14 12:00:00,0.0,2.430030646096409
2025-04-15,2025-10-14 12:00:00,0.0,2.606985249832551
2025-04-15,2025-10-14 12:00:00,0.0,2.747641183738591
2025-04-15,2025-10-14 12:00:00,0.0,2.8371730179126176
2025-04-15,2025-10-14 12:00:00,0.0,2.8371730179126176
2025-04-15,2025-10-14 12:00:00,0.0,2.8371730179126176
2025-04-15,2025-10-14 12:00:00,0.0,0.0
2025-04-15,2025-10-14 12:00:00,0.0,0.0
2025-04-15,2025-10-14 12:00:00,0.0,0.0
2025-04-15,2025-10-14 12:00:00,0.0,0.0
2025-04-15,2025-10-14 12:00:00,0.0,0.6006147823117974
2025-04-15,2025-10-14 12:00:00,0.0,0.6006147823117974
2025-04-15,2025-10-14 12:00:00,0.0,0.6006147823117974
2025-04-15,2025-10-14 12:00:00,0.0,0.6006147823117974
2025-04-15,2025-10-14 12:00:00,0.0,7.808633007671981
2025-04-15,2025-10-14 12:00:00,0.0,9.997466154824917
2025-04-15,2025-10-14 12:00:00,0.0,9.997466154824917
2025-04-15,2025-10-14 12:00:00,0.0,0.8655107337177814
2025-04-15,2025-10-14 12:00:00,0.0,0.9775565126478707
2025-04-15,2025-10-14 12:00:00,0.0,1.4511338862210663
2025-04-15,2025-10-14 12:00:00,0.0,1.4511338862210663
2025-04-15,2025-10-14 12:00:00,0.0,2.655676955015139
2025-04-15,2025-10-14 12:00:00,0.0,2.655676955015139
2025-04-15,2025-10-14 12:00:00,0.0,2.655676955015139
2025-04-15,2025-10-14 12:00:00,0.0,2.655676955015139
2025-04-15,2025-10-14 12:00:00,0.0,2.8524353945137078
2025-04-15,2025-10-14 12:00:00,0.0,3.313369816952772
2025-04-15,2025-10-14 12:00:00,0.0,3.298025422005095
2025-04-15,2025-10-14 12:00:00,0.0,0.0
2025-04-15,2025-10-14 12:00:00,0.0,0.0
2025-04-15,2025-10-14 12:00:00,0.0,0.0
2025-04-15,2025-10-14 12:00:00,0.0,0.0
2025-04-15,2025-10-14 12:00:00,0.0,0.0
2025-04-15,2025-10-14 12:00:00,0.0,0.0
2025-04-15,2025-10-14 12:00:00,0.0,0.11638063265444268
2025-04-15,2025-10-14 12:00:00,0.0,4.5098959776657725
2025-04-15,2025-10-14 12:00:00,0.0,4.5098959776657725
2025-04-15,2025-10-14 12:00:00,0.0,4.6253647765856565
2025-04-15,2025-10-14 12:00:00,0.0,5.301757868884756
2025-04-15,2025-10-14 12:00:00,0.0,5.301757868884756
2025-04-15,2025-10-14 12:00:00,0.0,0.556795166684226
2025-04-15,2025-10-14 12:00:00,0.0,0.0
2025-04-15,2025-10-14 12:00:00,0.0,0.0
2025-04-15,2025-10-14 12:00:00,0.0,2.134161623101733
2025-04-15,2025-10-14 12:00:00,0.0,2.2892501507823164
2025-04-15,2025-10-14 12:00:00,0.0,2.469047130681489
2025-04-15,2025-10-14 12:00:00,0.0,2.6937012221631527
2025-04-15,2025-10-14 12:00:00,0.0,2.8371730179126176
2025-04-15,2025-10-14 12:00:00,0.0,2.8371730179126176
2025-04-15,2025-10-14 12:00:00,0.0,0.0
2025-04-15,2025-10-14 12:00:00,0.0,0.0
2025-04-15,2025-10-14 12:00:00,0.0,0.0
2025-04-15,2025-10-14 12:00:00,0.0,0.0
2025-04-15,2025-10-14 12:00:00,0.0,0.6006147823117974
2025-04-15,2025-10-14 12:00:00,0.0,0.6006147823117974
2025-04-15,2025-10-14 12:00:00,0.0,0.6006147823117974
2025-04-15,2025-10-14 12:00:00,0.0,0.6006147823117974
2025-04-15,2025-10-14 12:00:00,0.0,5.006508346315332
2025-04-15,2025-10-14 12:00:00,0.0,9.997466154824917
2025-04-15,2025-10-14 12:00:00,0.0,9.997466154824917
2025-04-15,2025-10-14 12:00:00,0.0,5.017206075959607
2025-04-15,2025-10-14 12:00:00,0.0,0.8655107337177814
2025-04-15,2025-10-14 12:00:00,0.0,1.4511338862210663
2025-04-15,2025-10-14 12:00:00,0.0,1.4511338862210663
2025-04-15,2025-10-14 12:00:00,0.0,2.1102194808189765
2025-04-15,2025-10-14 12:00:00,0.0,2.655676955015139
2025-04-15,2025-10-14 12:00:00,0.0,2.655676955015139
2025-04-15,2025-10-14 12:00:00,0.0,2.655676955015139
2025-04-15,2025-10-14 12:00:00,0.0,2.655676955015139
2025-04-15,2025-10-14 12:00:00,0.0,3.008710298604634
2025-04-15,2025-10-14 12:00:00,0.0,3.1289773516168196
2025-04-15,2025-10-14 12:00:00,0.0,1.0085363700643972
2025-04-15,2025-10-14 12:00:00,0.0,0.0
2025-04-15,2025-10-14 12:00:00,0.0,0.0
2025-04-15,2025-10-14 12:00:00,0.0,0.0
2025-04-15,2025-10-14 12:00:00,0.0,0.0
2025-04-15,2025-10-14 12:00:00,0.0,0.0
2025-04-15,2025-10-14 12:00:00,0.0,3.377510294488935
2025-04-15,2025-10-14 12:00:00,0.0,4.5098959776657725
2025-04-15,2025-10-14 12:00:00,0.0,4.5098959776657725
2025-04-15,2025-10-14 12:00:00,0.0,5.301757868884756
2025-04-15,2025-10-14 12:00:00,0.0,5.301757868884756
2025-04-15,2025-10-14 12:00:00,0.0,5.16937471475193
2025-04-15,2025-10-14 12:00:00,0.0,0.0
2025-04-15,2025-10-14 12:00:00,0.0,0.0
2025-04-15,2025-10-14 12:00:00,0.0,0.0
2025-04-15,2025-10-14 12:00:00,0.0,2.134161623101733
2025-04-15,2025-10-14 12:00:00,0.0,2.134161623101733
2025-04-15,2025-10-14 12:00:00,0.0,2.134161623101733
2025-04-15,2025-10-14 12:00:00,0.0,0.048454480336775324
2025-04-15,2025-10-14 12:00:00,0.0,2.8371730179126176
2025-04-15,2025-10-14 12:00:00,0.0,2.8371730179126176
2025-04-15,2025-10-14 12:00:00,0.0,0.0
2025-04-15,2025-10-14 12:00:00,0.0,0.0
2025-04-15,2025-10-14 12:00:00,0.0,0.0
2025-04-15,2025-10-14 12:00:00,0.0,0.0
2025-04-15,2025-10-14 12:00:00,0.0,0.6006147823117974
2025-04-15,2025-10-14 12:00:00,0.0,0.6006147823117974
2025-04-15,2025-10-14 12:00:00,0.0,0.6006147823117974
2025-04-15,2025-10-14 12:00:00,0.0,0.6006147823117974
2025-04-15,2025-10-14 12:00:00,0.0,9.997466154824917
2025-04-15,2025-10-14 12:00:00,0.0,9.997466154824917
2025-04-15,2025-10-14 12:00:00,0.0,9.997466154824917
2025-04-15,2025-10-14 12:00:00,0.0,0.8655107337177814
2025-04-15,2025-10-14 12:00:00,0.0,0.9915124759232287
2025-04-15,2025-10-14 12:00:00,0.0,1.4511338862210663
2025-04-15,2025-10-14 12:00:00,0.0,1.8052692715279486
2025-04-15,2025-10-14 12:00:00,0.0,2.655676955015139
2025-04-15,2025-10-14 12:00:00,0.0,2.655676955015139
2025-04-15,2025-10-14 12:00:00,0.0,2.655676955015139
2025-04-15,2025-10-14 12:00:00,0.0,2.655676955015139
2025-04-15,2025-10-14 12:00:00,0.0,2.8042107208817972
2025-04-15,2025-10-14 12:00:00,0.0,3.1289773516168196
2025-04-15,2025-10-14 12:00:00,0.0,3.1289773516168196
2025-04-15,2025-10-14 12:00:00,0.0,0.0
2025-04-15,2025-10-14 12:00:00,0.0,0.0
2025-04-15,2025-10-14 12:00:00,0.0,0.0
2025-04-15,2025-10-14 12:00:00,0.0,0.0
2025-04-15,2025-10-14 12:00:00,0.0,0.0
2025-04-15,2025-10-14 12:00:00,0.0,0.0
2025-04-15,2025-10-14 12:00:00,0.0,0.0
2025-04-15,2025-10-14 12:00:00,0.0,4.5098959776657725
2025-04-15,2025-10-14 12:00:00,0.0,4.5098959776657725
2025-04-15,2025-10-14 12:00:00,0.0,4.73664316840918
2025-04-15,2025-10-14 12:00:00,0.0,5.301757868884756
2025-04-15,2025-10-14 12:00:00,0.0,5.301757868884756
2025-04-15,2025-10-14 12:00:00,0.0,0.0
2025-04-15,2025-10-14 12:00:00,0.0,0.0
2025-04-15,2025-10-14 12:00:00,0.0,0.0
2025-04-15,2025-10-14 12:00:00,0.0,2.134161623101733
2025-04-15,2025-10-14 12:00:00,0.0,2.134161623101733
2025-04-15,2025-10-14 12:00:00,0.0,2.134161623101733
2025-04-15,2025-10-14 12:00:00,0.0,0.0
2025-04-15,2025-10-14 12:00:00,0.0,0.0
2025-04-15,2025-10-14 12:00:00,0.0,2.8371730179126176
2025-04-15,2025-10-14 12:00:00,0.0,1.1780295912442131
2025-04-15,2025-10-14 12:00:00,0.0,0.0
2025-04-15,2025-10-14 12:00:00,0.0,0.0
2025-04-15,2025-10-14 12:00:00,0.0,0.0
2025-04-15,2025-10-14 12:00:00,0.0,0.0
2025-04-15,2025-10-14 12:00:00,0.0,0.6006147823117974
2025-04-15,2025-10-14 12:00:00,0.0,0.6006147823117974
2025-04-15,2025-10-14 12:00:00,0.0,0.6006147823117974
2025-04-15,2025-10-14 12:00:00,0.0,5.442307837157996
2025-04-15,2025-10-14 12:00:00,0.0,9.997466154824917
2025-04-15,2025-10-14 12:00:00,0.0,9.997466154824917
2025-04-15,2025-10-14 12:00:00,0.0,2.9462347888737854
2025-04-15,2025-10-14 12:00:00,0.0,0.8655107337177814
2025-04-15,2025-10-14 12:00:00,0.0,1.4511338862210663
2025-04-15,2025-10-14 12:00:00,0.0,1.4511338862210663
2025-04-15,2025-10-14 12:00:00,0.0,2.655676955015139
2025-04-15,2025-10-14 12:00:00,0.0,2.655676955015139
2025-04-15,2025-10-14 12:00:00,0.0,2.655676955015139
2025-04-15,2025-10-14 12:00:00,0.0,2.655676955015139
2025-04-15,2025-10-14 12:00:00,0.0,2.655676955015139
2025-04-15,2025-10-14 12:00:00,0.0,2.980170692833569
2025-04-15,2025-10-14 12:00:00,0.0,3.1289773516168196
2025-04-15,2025-10-14 12:00:00,0.0,3.1289773516168196
2025-04-15,2025-10-14 12:00:00,0.0,0.0
2025-04-15,2025-10-14 12:00:00,0.0,0.0
2025-04-15,2025-10-14 12:00:00,0.0,0.0
2025-04-15,2025-10-14 12:00:00,0.0,0.0
2025-04-15,2025-10-14 12:00:00,0.0,0.0
2025-04-15,2025-10-14 12:00:00,0.0,3.4158788043142354
2025-04-15,2025-10-14 12:00:00,0.0,4.5098959776657725
2025-04-15,2025-10-14 12:00:00,0.0,4.5098959776657725
2025-04-15,2025-10-14 12:00:00,0.0,5.301757868884756
2025-04-15,2025-10-14 12:00:00,0.0,5.301757868884756
2025-04-15,2025-10-14 12:00:00,0.0,0.7024724965875931
2025-04-15,2025-10-14 12:00:00,0.0,0.0
2025-04-15,2025-10-14 12:00:00,0.0,0.0
2025-04-15,2025-10-14 12:00:00,0.0,2.134161623101733
2025-04-15,2025-10-14 12:00:00,0.0,2.134161623101733
2025-04-15,2025-10-14 12:00:00,0.0,2.134161623101733
2025-04-15,2025-10-14 12:00:00,0.0,0.0
2025-04-15,2025-10-14 12:00:00,0.0,0.0
2025-04-15,2025-10-14 12:00:00,0.0,0.0
2025-04-15,2025-10-14 12:00:00,0.0,2.9810214563816393
2025-04-15,2025-10-14 12:00:00,0.0,0.14724251774485234
2025-04-15,2025-10-14 12:00:00,0.0,0.0
2025-04-15,2025-10-14 12:00:00,0.0,0.0
2025-04-15,2025-10-14 12:00:00,0.0,0.0
2025-04-15,2025-10-14 12:00:00,0.0,0.517192100601047
2025-04-15,2025-10-14 12:00:00,0.0,0.6006147823117974
2025-04-15,2025-10-14 12:00:00,0.0,0.6006147823117974
2025-04-15,2025-10-14 12:00:00,0.0,2.5841875610290854
2025-04-15,2025-10-14 12:00:00,0.0,9.997466154824917
2025-04-15,2025-10-14 12:00:00,0.0,9.997466154824917
2025-04-15,2025-10-14 12:00:00,0.0,9.997466154824917
2025-04-15,2025-10-14 12:00:00,0.0,0.8655107337177814
2025-04-15,2025-10-14 12:00:00,0.0,1.003814823505887
2025-04-15,2025-10-14 12:00:00,0.0,1.4511338862210663
2025-04-15,2025-10-14 12:00:00,0.0,2.2352114453671437
2025-04-15,2025-10-14 12:00:00,0.0,2.655676955015139
2025-04-15,2025-10-14 12:00:00,0.0,2.655676955015139
2025-04-15,2025-10-14 12:00:00,0.0,2.655676955015139
2025-04-15,2025-10-14 12:00:00,0.0,2.655676955015139
2025-04-15,2025-10-14 12:00:00,0.0,2.7648949087851027
2025-04-15,2025-10-14 12:00:00,0.0,3.1289773516168196
2025-04-15,2025-10-14 12:00:00,0.0,3.1289773516168196
2025-04-15,2025-10-14 12:00:00,0.0,0.0
2025-04-15,2025-10-14 12:00:00,0.0,0.0
2025-04-15,2025-10-14 12:00:00,0.0,0.0
2025-04-15,2025-10-14 12:00:00,0.0,0.0
2025-04-15,2025-10-14 12:00:00,0.0,0.0
2025-04-15,2025-10-14 12:00:00,0.0,0.0
2025-04-15,2025-10-14 12:00:00,0.0,0.007925021326953339
2025-04-15,2025-10-14 12:00:00,0.0,4.5098959776657725
2025-04-15,2025-10-14 12:00:00,0.0,4.5098959776657725
2025-04-15,2025-10-14 12:00:00,0.0,4.9045401112086315
2025-04-15,2025-10-14 12:00:00,0.0,5.301757868884756
2025-04-15,2025-10-14 12:00:00,0.0,5.301757868884756
2025-04-15,2025-10-14 12:00:00,0.0,0.0
2025-04-15,2025-10-14 12:00:00,0.0,0.0
2025-04-15,2025-10-14 12:00:00,0.0,0.20559234517588082
2025-04-15,2025-10-14 12:00:00,0.0,2.134161623101733
2025-04-15,2025-10-14 12:00:00,0.0,2.134161623101733
2025-04-15,2025-10-14 12:00:00,0.0,2.134161623101733
2025-04-15,2025-10-14 12:00:00,0.0,0.0
2025-04-15,2025-10-14 12:00:00,0.0,0.0
2025-04-15,2025-10-14 12:00:00,0.0,0.0
2025-04-15,2025-10-14 12:00:00,0.0,3.3538958010799647
2025-04-15,2025-10-14 12:00:00,0.0,0.0
2025-04-15,2025-10-14 12:00:00,0.0,0.0
2025-04-15,2025-10-14 12:00:00,0.0,0.0
2025-04-15,2025-10-14 12:00:00,0.0,0.0
2025-04-15,2025-10-14 12:00:00,0.0,0.6006147823117974
2025-04-15,2025-10-14 12:00:00,0.0,0.6006147823117974
2025-04-15,2025-10-14 12:00:00,0.0,0.6006147823117974
2025-04-15,2025-10-14 12:00:00,0.0,5.90667404352524
2025-04-15,2025-10-14 12:00:00,0.0,9.997466154824917
2025-04-15,2025-10-14 12:00:00,0.0,9.997466154824917
2025-04-15,2025-10-14 12:00:00,0.0,1.6686068654784785
2025-04-15,2025-10-14 12:00:00,0.0,0.8655107337177814
2025-04-15,2025-10-14 12:00:00,0.0,1.4511338862210663
2025-04-15,2025-10-14 12:00:00,0.0,1.7203985583565433
2025-04-15,2025-10-14 12:00:00,0.0,2.655676955015139
2025-04-15,2025-10-14 12:00:00,0.0,2.655676955015139
2025-04-15,2025-10-14 12:00:00,0.0,2.655676955015139
2025-04-15,2025-10-14 12:00:00,0.0,0.698063348213826
2025-04-15,2025-10-14 12:00:00,0.0,0.0678845729112
2025-04-15,2025-10-14 12:00:00,0.0,2.9513660739063523
2025-04-15,2025-10-14 12:00:00,0.0,3.1289773516168196
2025-04-15,2025-10-14 12:00:00,0.0,3.1289773516168196
2025-04-15,2025-10-14 12:00:00,0.0,0.0
2025-04-15,2025-10-14 12:00:00,0.0,0.0
2025-04-15,2025-10-14 12:00:00,0.0,0.0
2025-04-15,2025-10-14 12:00:00,0.0,0.0
2025-04-15,2025-10-14 12:00:00,0.0,0.0
2025-04-15,2025-10-14 12:00:00,0.0,3.237172920808845
2025-04-15,2025-10-14 12:00:00,0.0,3.8335857964335833
2025-04-15,2025-10-14 12:00:00,0.0,3.5312859653682973
2025-04-15,2025-10-14 12:00:00,0.0,5.301757868884756
2025-04-15,2025-10-14 12:00:00,0.0,5.301757868884756
2025-04-15,2025-10-14 12:00:00,0.0,0.0
2025-04-15,2025-10-14 12:00:00,0.0,0.0
2025-04-15,2025-10-14 12:00:00,0.0,0.0
2025-04-15,2025-10-14 12:00:00,0.0,2.134161623101733
2025-04-15,2025-10-14 12:00:00,0.0,2.134161623101733
2025-04-15,2025-10-14 12:00:00,0.0,2.134161623101733
2025-04-15,2025-10-14 12:00:00,0.0,0.0
2025-04-15,2025-10-14 12:00:00,0.0,0.0
2025-04-15,2025-10-14 12:00:00,0.0,0.0
2025-04-15,2025-10-14 12:00:00,0.0,0.0
2025-04-15,2025-10-14 12:00:00,0.0,3.406614140312392
2025-04-15,2025-10-14 12:00:00,0.0,0.0
2025-04-15,2025-10-14 12:00:00,0.0,0.0
2025-04-15,2025-10-14 12:00:00,0.0,0.0
2025-04-15,2025-10-14 12:00:00,0.0,0.37815360107623586
2025-04-15,2025-10-14 12:00:00,0.0,0.41320147974088495
2025-04-15,2025-10-14 12:00:00,0.0,0.4650771897092954
2025-04-15,2025-10-14 12:00:00,0.0,2.7293679000877225
2025-04-15,2025-10-14 12:00:00,0.0,7.220655042273794
2025-04-15,2025-10-14 12:00:00,0.0,9.997466154824917
2025-04-15,2025-10-14 12:00:00,0.0,6.679973480687686
2025-04-15,2025-10-14 12:00:00,0.0,0.8655107337177814
2025-04-15,2025-10-14 12:00:00,0.0,1.0146924103582897
2025-04-15,2025-10-14 12:00:00,0.0,0.0
2025-04-15,2025-10-14 12:00:00,0.0,2.155189459238332
2025-04-15,2025-10-14 12:00:00,0.0,0.26357453709905604
2025-04-15,2025-10-14 12:00:00,0.0,0.0
2025-04-15,2025-10-14 12:00:00,0.0,0.0
2025-04-15,2025-10-14 12:00:00,0.0,0.0
2025-04-15,2025-10-14 12:00:00,0.0,0.0
2025-04-15,2025-10-14 12:00:00,0.0,3.1289773516168196
2025-04-15,2025-10-14 12:00:00,0.0,3.1289773516168196
2025-04-15,2025-10-14 12:00:00,0.0,3.1289773516168196
2025-04-15,2025-10-14 12:00:00,0.0,0.0
2025-04-15,2025-10-14 12:00:00,0.0,0.0
2025-04-15,2025-10-14 12:00:00,0.0,0.0
2025-04-15,2025-10-14 12:00:00,0.0,0.0
2025-04-15,2025-10-14 12:00:00,0.0,0.0
2025-04-15,2025-10-14 12:00:00,0.0,0.9132187300621099
2025-04-15,2025-10-14 12:00:00,0.0,3.3361735338924428
2025-04-15,2025-10-14 12:00:00,0.0,2.494916191495825
2025-04-15,2025-10-14 12:00:00,0.0,5.0836079420014615
2025-04-15,2025-10-14 12:00:00,0.0,5.301757868884756
2025-04-15,2025-10-14 12:00:00,0.0,3.7454430801511016
2025-04-15,2025-10-14 12:00:00,0.0,0.0
2025-04-15,2025-10-14 12:00:00,0.0,0.0
2025-04-15,2025-10-14 12:00:00,0.0,2.134161623101733
2025-04-15,2025-10-14 12:00:00,0.0,2.134161623101733
2025-04-15,2025-10-14 12:00:00,0.0,2.134161623101733
2025-04-15,2025-10-14 12:00:00,0.0,0.0
2025-04-15,2025-10-14 12:00:00,0.0,0.0
2025-04-15,2025-10-14 12:00:00,0.0,0.0
2025-04-15,2025-10-14 12:00:00,0.0,0.0
2025-04-15,2025-10-14 12:00:00,0.0,3.406614140312392
2025-04-15,2025-10-14 12:00:00,0.0,2.6289569253514773
2025-04-15,2025-10-14 12:00:00,0.0,0.0
2025-04-15,2025-10-14 12:00:00,0.0,0.0
2025-04-15,2025-10-14 12:00:00,0.0,0.0
2025-04-15,2025-10-14 12:00:00,0.0,0.3152548795037118
2025-04-15,2025-10-14 12:00:00,0.0,0.356488844409511
2025-04-15,2025-10-14 12:00:00,0.0,0.4152515655682786
2025-04-15,2025-10-14 12:00:00,0.0,1.8961522541139544
2025-04-15,2025-10-14 12:00:00,0.0,6.652429085990576
2025-04-15,2025-10-14 12:00:00,0.0,9.997466154824917
2025-04-15,2025-10-14 12:00:00,0.0,0.8655107337177814
2025-04-15,2025-10-14 12:00:00,0.0,0.8655107337177814
2025-04-15,2025-10-14 12:00:00,0.0,0.0
2025-04-15,2025-10-14 12:00:00,0.0,0.0
2025-04-15,2025-10-14 12:00:00,0.0,0.0
2025-04-15,2025-10-14 12:00:00,0.0,0.0
2025-04-15,2025-10-14 12:00:00,0.0,0.0
2025-04-15,2025-10-14 12:00:00,0.0,0.0
2025-04-15,2025-10-14 12:00:00,0.0,0.0
2025-04-15,2025-10-14 12:00:00,0.0,0.0
2025-04-15,2025-10-14 12:00:00,0.0,3.1289773516168196
2025-04-15,2025-10-14 12:00:00,0.0,3.1289773516168196
2025-04-15,2025-10-14 12:00:00,0.0,0.0
2025-04-15,2025-10-14 12:00:00,0.0,0.0
2025-04-15,2025-10-14 12:00:00,0.0,0.0
2025-04-15,2025-10-14 12:00:00,0.0,0.0
2025-04-15,2025-10-14 12:00:00,0.0,0.0
2025-04-15,2025-10-14 12:00:00,0.0,2.789715830997245
2025-04-15,2025-10-14 12:00:00,0.0,1.218025033523739
2025-04-15,2025-10-14 12:00:00,0.0,0.749709689068989
2025-04-15,2025-10-14 12:00:00,0.0,5.301757868884756
2025-04-15,2025-10-14 12:00:00,0.0,5.301757868884756
2025-04-15,2025-10-14 12:00:00,0.0,0.0
2025-04-15,2025-10-14 12:00:00,0.0,0.0
2025-04-15,2025-10-14 12:00:00,0.0,0.0
2025-04-15,2025-10-14 12:00:00,0.0,2.134161623101733
2025-04-15,2025-10-14 12:00:00,0.0,2.134161623101733
2025-04-15,2025-10-14 12:00:00,0.0,2.134161623101733
2025-04-15,2025-10-14 12:00:00,0.0,0.0
2025-04-15,2025-10-14 12:00:00,0.0,0.0
2025-04-15,2025-10-14 12:00:00,0.0,0.0
2025-04-15,2025-10-14 12:00:00,0.0,0.0
2025-04-15,2025-10-14 12:00:00,0.0,3.406614140312392
2025-04-15,2025-10-14 12:00:00,0.0,1.9469844102410192
2025-04-15,2025-10-14 12:00:00,0.0,0.0
2025-04-15,2025-10-14 12:00:00,0.0,0.0
2025-04-15,2025-10-14 12:00:00,0.0,0.21528808489411333
2025-04-15,2025-10-14 12:00:00,0.0,0.21528808489411333
2025-04-15,2025-10-14 12:00:00,0.0,0.30771321190378015
2025-04-15,2025-10-14 12:00:00,0.0,0.0
2025-04-15,2025-10-14 12:00:00,0.0,0.5922573227282584
2025-04-15,2025-10-14 12:00:00,0.0,6.708907328116996
2025-04-15,2025-10-14 12:00:00,0.0,4.4695281553521635
2025-04-15,2025-10-14 12:00:00,0.0,0.8655107337177814
2025-04-15,2025-10-14 12:00:00,0.0,0.0
2025-04-15,2025-10-14 12:00:00,0.0,0.0
2025-04-15,2025-10-14 12:00:00,0.0,0.0
2025-04-15,2025-10-14 12:00:00,0.0,0.0
2025-04-15,2025-10-14 12:00:00,0.0,0.0
2025-04-15,2025-10-14 12:00:00,0.0,0.0
2025-04-15,2025-10-14 12:00:00,0.0,0.0
2025-04-15,2025-10-14 12:00:00,0.0,0.0
2025-04-15,2025-10-14 12:00:00,0.0,0.0
2025-04-15,2025-10-14 12:00:00,0.0,3.1289773516168196
2025-04-15,2025-10-14 12:00:00,0.0,3.1289773516168196
2025-04-15,2025-10-14 12:00:00,0.0,0.0
2025-04-15,2025-10-14 12:00:00,0.0,0.0
2025-04-15,2025-10-14 12:00:00,0.0,0.0
2025-04-15,2025-10-14 12:00:00,0.0,0.0
2025-04-15,2025-10-14 12:00:00,0.0,0.7844269749457629
2025-04-15,2025-10-14 12:00:00,0.0,1.9568599706518968
2025-04-15,2025-10-14 12:00:00,0.0,0.37172036615341847
2025-04-15,2025-10-14 12:00:00,0.0,0.0
2025-04-15,2025-10-14 12:00:00,0.0,2.075896942080844
2025-04-15,2025-10-14 12:00:00,0.0,5.301757868884756
2025-04-15,2025-10-14 12:00:00,0.0,0.6768700381866603
2025-04-15,2025-10-14 12:00:00,0.0,0.0
2025-04-15,2025-10-14 12:00:00,0.0,0.0
2025-04-15,2025-10-14 12:00:00,0.0,3.549233289030479
2025-04-15,2025-10-14 12:00:00,0.0,4.087153274551769
2025-04-15,2025-10-14 12:00:00,0.0,3.193340855848968
2025-04-15,2025-10-14 12:00:00,0.0,0.0
2025-04-15,2025-10-14 12:00:00,0.0,0.0
2025-04-15,2025-10-14 12:00:00,0.0,0.0
2025-04-15,2025-10-14 12:00:00,0.0,0.0
2025-04-15,2025-10-14 12:00:00,0.0,3.224556369176509
2025-04-15,2025-10-14 12:00:00,0.0,3.406614140312392
2025-04-15,2025-10-14 12:00:00,0.0,0.0
2025-04-15,2025-10-14 12:00:00,0.0,0.0
2025-04-15,2025-10-14 12:00:00,0.0,0.0
2025-04-15,2025-10-14 12:00:00,0.0,0.21528808489411333
2025-04-15,2025-10-14 12:00:00,0.0,0.21528808489411333
2025-04-15,2025-10-14 12:00:00,0.0,0.0
2025-04-15,2025-10-14 12:00:00,0.0,0.0
2025-04-15,2025-10-14 12:00:00,0.0,0.0
2025-04-15,2025-10-14 12:00:00,0.0,6.841067228716077
2025-04-15,2025-10-14 12:00:00,0.0,1.4125821828911498
2025-04-15,2025-10-14 12:00:00,0.0,0.8655107337177814
2025-04-15,2025-10-14 12:00:00,0.0,0.0
2025-04-15,2025-10-14 12:00:00,0.0,0.0
2025-04-15,2025-10-14 12:00:00,0.0,0.0
2025-04-15,2025-10-14 12:00:00,0.0,0.0
2025-04-15,2025-10-14 12:00:00,0.0,0.0
2025-04-15,2025-10-14 12:00:00,0.0,0.0
2025-04-15,2025-10-14 12:00:00,0.0,0.0
2025-04-15,2025-10-14 12:00:00,0.0,0.0
2025-04-15,2025-10-14 12:00:00,0.0,2.1987812242351494
2025-04-15,2025-10-14 12:00:00,0.0,3.1289773516168196
2025-04-15,2025-10-14 12:00:00,0.0,0.16895480671183083
2025-04-15,2025-10-14 12:00:00,0.0,0.0
2025-04-15,2025-10-14 12:00:00,0.0,0.35142007300696876
2025-04-15,2025-10-14 12:00:00,0.0,0.0
2025-04-15,2025-10-14 12:00:00,0.0,0.7879300842906168
2025-04-15,2025-10-14 12:00:00,0.0,1.9568599706518968
2025-04-15,2025-10-14 12:00:00,0.0,0.0
2025-04-15,2025-10-14 12:00:00,0.0,0.0
2025-04-15,2025-10-14 12:00:00,0.0,3.2762278791634234
2025-04-15,2025-10-14 12:00:00,0.0,1.799764945029085
2025-04-15,2025-10-14 12:00:00,0.0,0.0
2025-04-15,2025-10-14 12:00:00,0.0,0.0
2025-04-15,2025-10-14 12:00:00,0.0,4.790362447100421
2025-04-15,2025-10-14 12:00:00,0.0,6.495714407026154
2025-04-15,2025-10-14 12:00:00,0.0,6.273785045201123
2025-04-15,2025-10-14 12:00:00,0.0,0.5922332585384017
2025-04-15,2025-10-14 12:00:00,0.0,0.0
2025-04-15,2025-10-14 12:00:00,0.0,0.0
2025-04-15,2025-10-14 12:00:00,0.0,0.0
2025-04-15,2025-10-14 12:00:00,0.0,0.0
2025-04-15,2025-10-14 12:00:00,0.0,3.406614140312392
2025-04-15,2025-10-14 12:00:00,0.0,3.313426345402297
2025-04-15,2025-10-14 12:00:00,0.0,0.0
2025-04-15,2025-10-14 12:00:00,0.0,0.0
2025-04-15,2025-10-14 12:00:00,0.0,0.21528808489411333
2025-04-15,2025-10-14 12:00:00,0.0,0.21528808489411333
2025-04-15,2025-10-14 12:00:00,0.0,0.21528808489411333
2025-04-15,2025-10-14 12:00:00,0.0,0.0
2025-04-15,2025-10-14 12:00:00,0.0,0.0
2025-04-15,2025-10-14 12:00:00,0.0,0.0
2025-04-15,2025-10-14 12:00:00,0.0,3.790964607012617
2025-04-15,2025-10-14 12:00:00,0.0,1.0756628794446919
2025-04-15,2025-10-14 12:00:00,0.0,0.0
2025-04-15,2025-10-14 12:00:00,0.0,0.0
2025-04-15,2025-10-14 12:00:00,0.0,0.0
2025-04-15,2025-10-14 12:00:00,0.0,0.0
2025-04-15,2025-10-14 12:00:00,0.0,0.0
2025-04-15,2025-10-14 12:00:00,0.0,0.0
2025-04-15,2025-10-14 12:00:00,0.0,0.0
2025-04-15,2025-10-14 12:00:00,0.0,0.0
2025-04-15,2025-10-14 12:00:00,0.0,0.0
2025-04-15,2025-10-14 12:00:00,0.0,3.1289773516168196
2025-04-15,2025-10-14 12:00:00,0.0,2.596764466621816
2025-04-15,2025-10-14 12:00:00,0.0,0.0
2025-04-15,2025-10-14 12:00:00,0.0,0.0
2025-04-15,2025-10-14 12:00:00,0.0,2.1698144648085838
2025-04-15,2025-10-14 12:00:00,0.0,0.5134164258852985
2025-04-15,2025-10-14 12:00:00,0.0,1.9568599706518968
2025-04-15,2025-10-14 12:00:00,0.0,1.9568599706518968
2025-04-15,2025-10-14 12:00:00,0.0,0.0
2025-04-15,2025-10-14 12:00:00,0.0,0.0
2025-04-15,2025-10-14 12:00:00,0.0,0.0
2025-04-15,2025-10-14 12:00:00,0.0,0.0
2025-04-15,2025-10-14 12:00:00,0.0,0.0
2025-04-15,2025-10-14 12:00:00,0.0,0.0
2025-04-15,2025-10-14 12:00:00,0.0,3.097212365283303
2025-04-15,2025-10-14 12:00:00,0.0,7.3175406406223455
2025-04-15,2025-10-14 12:00:00,0.0,7.3175406406223455
2025-04-15,2025-10-14 12:00:00,0.0,5.50342452250169
2025-04-15,2025-10-14 12:00:00,0.0,0.0
2025-04-15,2025-10-14 12:00:00,0.0,0.0
2025-04-15,2025-10-14 12:00:00,0.0,0.0
2025-04-15,2025-10-14 12:00:00,0.0,0.0
2025-04-15,2025-10-14 12:00:00,0.0,2.0214481268813524
2025-04-15,2025-10-14 12:00:00,0.0,3.406614140312392
2025-04-15,2025-10-14 12:00:00,0.0,0.16518638138014657
2025-04-15,2025-10-14 12:00:00,0.0,0.0
2025-04-15,2025-10-14 12:00:00,0.0,0.0
2025-04-15,2025-10-14 12:00:00,0.0,0.21528808489411333
2025-04-15,2025-10-14 12:00:00,0.0,0.21528808489411333
2025-04-15,2025-10-14 12:00:00,0.0,0.0
2025-04-15,2025-10-14 12:00:00,0.0,0.0
2025-04-15,2025-10-14 12:00:00,0.0,0.0
2025-04-15,2025-10-14 12:00:00,0.0,3.733840566673064
2025-04-15,2025-10-14 12:00:00,0.0,3.2596589319480294
2025-04-15,2025-10-14 12:00:00,0.0,0.0
2025-04-15,2025-10-14 12:00:00,0.0,0.0
2025-04-15,2025-10-14 12:00:00,0.0,0.0
2025-04-15,2025-10-14 12:00:00,0.0,0.0
2025-04-15,2025-10-14 12:00:00,0.0,0.0
2025-04-15,2025-10-14 12:00:00,0.0,0.0
2025-04-15,2025-10-14 12:00:00,0.0,0.0
2025-04-15,2025-10-14 12:00:00,0.0,0.0
2025-04-15,2025-10-14 12:00:00,0.0,0.0
2025-04-15,2025-10-14 12:00:00,0.0,0.0
2025-04-15,2025-10-14 12:00:00,0.0,2.8376743257515247
2025-04-15,2025-10-14 12:00:00,0.0,0.36823902805136766
2025-04-15,2025-10-14 12:00:00,0.0,0.0
2025-04-15,2025-10-14 12:00:00,0.0,2.424039587836977
2025-04-15,2025-10-14 12:00:00,0.0,1.662563019512925
2025-04-15,2025-10-14 12:00:00,0.0,1.9568599706518968
2025-04-15,2025-10-14 12:00:00,0.0,1.9568599706518968
2025-04-15,2025-10-14 12:00:00,0.0,0.0
2025-04-15,2025-10-14 12:00:00,0.0,0.0
2025-04-15,2025-10-14 12:00:00,0.0,0.0
2025-04-15,2025-10-14 12:00:00,0.0,0.0
2025-04-15,2025-10-14 12:00:00,0.0,0.17420752812909238
2025-04-15,2025-10-14 12:00:00,0.0,1.3796423570757264
2025-04-15,2025-10-14 12:00:00,0.0,7.3175406406223455
2025-04-15,2025-10-14 12:00:00,0.0,7.3175406406223455
2025-04-15,2025-10-14 12:00:00,0.0,7.3175406406223455
2025-04-15,2025-10-14 12:00:00,0.0,0.816728665355526
2025-04-15,2025-10-14 12:00:00,0.0,0.0
2025-04-15,2025-10-14 12:00:00,0.0,0.0
2025-04-15,2025-10-14 12:00:00,0.0,0.0
2025-04-15,2025-10-14 12:00:00,0.0,0.0
2025-04-15,2025-10-14 12:00:00,0.0,3.406614140312392
2025-04-15,2025-10-14 12:00:00,0.0,3.406614140312392
2025-04-15,2025-10-14 12:00:00,0.0,0.0
2025-04-15,2025-10-14 12:00:00,0.0,0.0
2025-04-15,2025-10-14 12:00:00,0.0,0.21528808489411333
2025-04-15,2025-10-14 12:00:00,0.0,0.21528808489411333
2025-04-15,2025-10-14 12:00:00,0.0,0.21528808489411333
2025-04-15,2025-10-14 12:00:00,0.0,0.0
2025-04-15,2025-10-14 12:00:00,0.0,0.0
2025-04-15,2025-10-14 12:00:00,0.0,0.0
2025-04-15,2025-10-14 12:00:00,0.0,4.581273495161076
2025-04-15,2025-10-14 12:00:00,0.0,2.2380351159191627
2025-04-15,2025-10-14 12:00:00,0.0,0.0
2025-04-15,2025-10-14 12:00:00,0.0,0.0
2025-04-15,2025-10-14 12:00:00,0.0,0.0
2025-04-15,2025-10-14 12:00:00,0.0,0.0
2025-04-15,2025-10-14 12:00:00,0.0,0.0
2025-04-15,2025-10-14 12:00:00,0.0,0.6529842153324994
2025-04-15,2025-10-14 12:00:00,0.0,0.0
2025-04-15,2025-10-14 12:00:00,0.0,0.0
2025-04-15,2025-10-14 12:00:00,0.0,0.0
2025-04-15,2025-10-14 12:00:00,0.0,0.0
2025-04-15,2025-10-14 12:00:00,0.0,0.7481776073613269
2025-04-15,2025-10-14 12:00:00,0.0,0.0
2025-04-15,2025-10-14 12:00:00,0.0,1.989112492614379
2025-04-15,2025-10-14 12:00:00,0.0,2.6947098090761585
2025-04-15,2025-10-14 12:00:00,0.0,1.9568599706518968
2025-04-15,2025-10-14 12:00:00,0.0,1.9568599706518968
2025-04-15,2025-10-14 12:00:00,0.0,1.9568599706518968
2025-04-15,2025-10-14 12:00:00,0.0,0.0
2025-04-15,2025-10-14 12:00:00,0.0,0.0
2025-04-15,2025-10-14 12:00:00,0.0,0.0
2025-04-15,2025-10-14 12:00:00,0.0,0.0
2025-04-15,2025-10-14 12:00:00,0.0,0.8452917658942618
2025-04-15,2025-10-14 12:00:00,0.0,1.8287405315742866
2025-04-15,2025-10-14 12:00:00,0.0,5.1075217404757485
2025-04-15,2025-10-14 12:00:00,0.0,7.3175406406223455
2025-04-15,2025-10-14 12:00:00,0.0,7.3175406406223455
2025-04-15,2025-10-14 12:00:00,0.0,3.968917613939163
2025-04-15,2025-10-14 12:00:00,0.0,0.0
2025-04-15,2025-10-14 12:00:00,0.0,0.0
2025-04-15,2025-10-14 12:00:00,0.0,0.0
2025-04-15,2025-10-14 12:00:00,0.0,0.0
2025-04-15,2025-10-14 12:00:00,0.0,0.0
2025-04-15,2025-10-14 12:00:00,0.0,3.406614140312392
2025-04-15,2025-10-14 12:00:00,0.0,0.0
2025-04-15,2025-10-14 12:00:00,0.0,0.0
2025-04-15,2025-10-14 12:00:00,0.0,0.0
2025-04-15,2025-10-14 12:00:00,0.0,0.21528808489411333
2025-04-15,2025-10-14 12:00:00,0.0,0.21528808489411333
2025-04-15,2025-10-14 12:00:00,0.0,0.0
2025-04-15,2025-10-14 12:00:00,0.0,0.0
2025-04-15,2025-10-14 12:00:00,0.0,0.0
2025-04-15,2025-10-14 12:00:00,0.0,4.094259216717322
2025-04-15,2025-10-14 12:00:00,0.0,4.581273495161076
2025-04-15,2025-10-14 12:00:00,0.0,0.0
2025-04-15,2025-10-14 12:00:00,0.0,0.0
2025-04-15,2025-10-14 12:00:00,0.0,0.0
2025-04-15,2025-10-14 12:00:00,0.0,0.0
2025-04-15,2025-10-14 12:00:00,0.0,0.0
2025-04-15,2025-10-14 12:00:00,0.0,5.201685797614283
2025-04-15,2025-10-14 12:00:00,0.0,5.034496678768283
2025-04-15,2025-10-14 12:00:00,0.0,3.3686792346368737
2025-04-15,2025-10-14 12:00:00,0.0,0.0
2025-04-15,2025-10-14 12:00:00,0.0,0.0
2025-04-15,2025-10-14 12:00:00,0.0,0.0
2025-04-15,2025-10-14 12:00:00,0.0,0.0
2025-04-15,2025-10-14 12:00:00,0.0,0.0
2025-04-15,2025-10-14 12:00:00,0.0,2.6947098090761585
2025-04-15,2025-10-14 12:00:00,0.0,2.6947098090761585
2025-04-15,2025-10-14 12:00:00,0.0,1.9568599706518968
2025-04-15,2025-10-14 12:00:00,0.0,1.9568599706518968
2025-04-15,2025-10-14 12:00:00,0.0,0.0
2025-04-15,2025-10-14 12:00:00,0.0,0.0
2025-04-15,2025-10-14 12:00:00,0.0,0.0
2025-04-15,2025-10-14 12:00:00,0.0,0.0
2025-04-15,2025-10-14 12:00:00,0.0,1.8287405315742866
2025-04-15,2025-10-14 12:00:00,0.0,1.93348416144822
2025-04-15,2025-10-14 12:00:00,0.0,7.3175406406223455
2025-04-15,2025-10-14 12:00:00,0.0,7.3175406406223455
2025-04-15,2025-10-14 12:00:00,0.0,6.493509232734043
2025-04-15,2025-10-14 12:00:00,0.0,0.0
2025-04-15,2025-10-14 12:00:00,0.0,0.0
2025-04-15,2025-10-14 12:00:00,0.0,0.0
2025-04-15,2025-10-14 12:00:00,0.0,0.0
2025-04-15,2025-10-14 12:00:00,0.0,0.0
2025-04-15,2025-10-14 12:00:00,0.0,2.713900360365072
2025-04-15,2025-10-14 12:00:00,0.0,3.400561266794015
2025-04-15,2025-10-14 12:00:00,0.0,0.0
2025-04-15,2025-10-14 12:00:00,0.0,0.0
2025-04-15,2025-10-14 12:00:00,0.0,0.0
2025-04-15,2025-10-14 12:00:00,0.0,0.21528808489411333
2025-04-15,2025-10-14 12:00:00,0.0,0.0
2025-04-15,2025-10-14 12:00:00,0.0,0.0
2025-04-15,2025-10-14 12:00:00,0.0,0.0
2025-04-15,2025-10-14 12:00:00,0.0,0.0
2025-04-15,2025-10-14 12:00:00,0.0,4.581273495161076
2025-04-15,2025-10-14 12:00:00,0.0,4.05904361946846
2025-04-15,2025-10-14 12:00:00,0.0,0.0
2025-04-15,2025-10-14 12:00:00,0.0,0.0
2025-04-15,2025-10-14 12:00:00,0.0,0.0
2025-04-15,2025-10-14 12:00:00,0.0,0.0
2025-04-15,2025-10-14 12:00:00,0.0,6.799060580742367
2025-04-15,2025-10-14 12:00:00,0.0,7.1438212680607265
2025-04-15,2025-10-14 12:00:00,0.0,7.1438212680607265
2025-04-15,2025-10-14 12:00:00,0.0,5.840261912576351
2025-04-15,2025-10-14 12:00:00,0.0,0.0
2025-04-15,2025-10-14 12:00:00,0.0,0.0
2025-04-15,2025-10-14 12:00:00,0.0,0.0
2025-04-15,2025-10-14 12:00:00,0.0,0.0
2025-04-15,2025-10-14 12:00:00,0.0,2.6547830353812314
2025-04-15,2025-10-14 12:00:00,0.0,2.6947098090761585
2025-04-15,2025-10-14 12:00:00,0.0,1.9568599706518968
2025-04-15,2025-10-14 12:00:00,0.0,1.9568599706518968
2025-04-15,2025-10-14 12:00:00,0.0,1.9568599706518968
2025-04-15,2025-10-14 12:00:00,0.0,0.0
2025-04-15,2025-10-14 12:00:00,0.0,0.0
2025-04-15,2025-10-14 12:00:00,0.0,0.0
2025-04-15,2025-10-14 12:00:00,0.0,0.0
2025-04-15,2025-10-14 12:00:00,0.0,1.8287405315742866
2025-04-15,2025-10-14 12:00:00,0.0,1.8287405315742866
2025-04-15,2025-10-14 12:00:00,0.0,7.3175406406223455
2025-04-15,2025-10-14 12:00:00,0.0,7.3175406406223455
2025-04-15,2025-10-14 12:00:00,0.0,7.3175406406223455
2025-04-15,2025-10-14 12:00:00,0.0,2.3051810482008714
2025-04-15,2025-10-14 12:00:00,0.0,0.0
2025-04-15,2025-10-14 12:00:00,0.0,0.0
2025-04-15,2025-10-14 12:00:00,0.0,0.0
2025-04-15,2025-10-14 12:00:00,0.0,0.0
2025-04-15,2025-10-14 12:00:00,0.0,0.0
2025-04-15,2025-10-14 12:00:00,0.0,3.406614140312392
2025-04-15,2025-10-14 12:00:00,0.0,0.0
2025-04-15,2025-10-14 12:00:00,0.0,0.0
2025-04-15,2025-10-14 12:00:00,0.0,0.0
2025-04-15,2025-10-14 12:00:00,0.0,0.014325352376883005
2025-04-15,2025-10-14 12:00:00,0.0,0.0
2025-04-15,2025-10-14 12:00:00,0.0,0.0
2025-04-15,2025-10-14 12:00:00,0.0,0.0
2025-04-15,2025-10-14 12:00:00,0.0,0.0
2025-04-15,2025-10-14 12:00:00,0.0,4.581273495161076
2025-04-15,2025-10-14 12:00:00,0.0,4.581273495161076
2025-04-15,2025-10-14 12:00:00,0.0,0.0
2025-04-15,2025-10-14 12:00:00,0.0,0.0
2025-04-15,2025-10-14 12:00:00,0.0,0.0
2025-04-15,2025-10-14 12:00:00,0.0,0.0
2025-04-15,2025-10-14 12:00:00,0.0,6.300493791701859
2025-04-15,2025-10-14 12:00:00,0.0,7.1438212680607265
2025-04-15,2025-10-14 12:00:00,0.0,7.1438212680607265
2025-04-15,2025-10-14 12:00:00,0.0,7.1438212680607265
2025-04-15,2025-10-14 12:00:00,0.0,0.0
2025-04-15,2025-10-14 12:00:00,0.0,0.0
2025-04-15,2025-10-14 12:00:00,0.0,0.0
2025-04-15,2025-10-14 12:00:00,0.0,0.0
2025-04-15,2025-10-14 12:00:00,0.0,0.0
2025-04-15,2025-10-14 12:00:00,0.0,2.6947098090761585
2025-04-15,2025-10-14 12:00:00,0.0,2.6647719661348632
2025-04-15,2025-10-14 12:00:00,0.0,1.9568599706518968
2025-04-15,2025-10-14 12:00:00,0.0,1.9568599706518968
2025-04-15,2025-10-14 12:00:00,0.0,0.0
2025-04-15,2025-10-14 12:00:00,0.0,0.0
2025-04-15,2025-10-14 12:00:00,0.0,0.0
2025-04-15,2025-10-14 12:00:00,0.0,0.0
2025-04-15,2025-10-14 12:00:00,0.0,1.8287405315742866
2025-04-15,2025-10-14 12:00:00,0.0,2.0590298611041904
2025-04-15,2025-10-14 12:00:00,0.0,7.3175406406223455
2025-04-15,2025-10-14 12:00:00,0.0,7.3175406406223455
2025-04-15,2025-10-14 12:00:00,0.0,5.792837961448427
2025-04-15,2025-10-14 12:00:00,0.0,0.1713819211246579
2025-04-15,2025-10-14 12:00:00,0.0,0.0
2025-04-15,2025-10-14 12:00:00,0.0,0.0
2025-04-15,2025-10-14 12:00:00,0.0,0.0
2025-04-15,2025-10-14 12:00:00,0.0,0.0
2025-04-15,2025-10-14 12:00:00,0.0,0.0
2025-04-15,2025-10-14 12:00:00,0.0,3.387720090145062
2025-04-15,2025-10-14 12:00:00,0.0,0.0
2025-04-15,2025-10-14 12:00:00,0.0,0.0
2025-04-15,2025-10-14 12:00:00,0.0,0.0
2025-04-15,2025-10-14 12:00:00,0.0,0.0
2025-04-15,2025-10-14 12:00:00,0.0,0.0
2025-04-15,2025-10-14 12:00:00,0.0,0.0
2025-04-15,2025-10-14 12:00:00,0.0,0.0
2025-04-15,2025-10-14 12:00:00,0.0,0.7263561977479137
2025-04-15,2025-10-14 12:00:00,0.0,4.581273495161076
2025-04-15,2025-10-14 12:00:00,0.0,4.022045770146256
2025-04-15,2025-10-14 12:00:00,0.0,0.0
2025-04-15,2025-10-14 12:00:00,0.0,0.0
2025-04-15,2025-10-14 12:00:00,0.0,0.0
2025-04-15,2025-10-14 12:00:00,0.0,6.094751178764989
2025-04-15,2025-10-14 12:00:00,0.0,6.664656296211209
2025-04-15,2025-10-14 12:00:00,0.0,7.1438212680607265
2025-04-15,2025-10-14 12:00:00,0.0,7.1438212680607265
2025-04-15,2025-10-14 12:00:00,0.0,7.1438212680607265
2025-04-15,2025-10-14 12:00:00,0.0,0.0
2025-04-15,2025-10-14 12:00:00,0.0,0.0
2025-04-15,2025-10-14 12:00:00,0.0,0.0
2025-04-15,2025-10-14 12:00:00,0.0,0.0
2025-04-15,2025-10-14 12:00:00,0.0,2.602023503247696
2025-04-15,2025-10-14 12:00:00,0.0,2.6947098090761585
2025-04-15,2025-10-14 12:00:00,0.0,1.9568599706518968
2025-04-15,2025-10-14 12:00:00,0.0,1.9568599706518968
2025-04-15,2025-10-14 12:00:00,0.0,1.9568599706518968
2025-04-15,2025-10-14 12:00:00,0.0,0.0
2025-04-15,2025-10-14 12:00:00,0.0,0.0
2025-04-15,2025-10-14 12:00:00,0.0,0.0
2025-04-15,2025-10-14 12:00:00,0.0,0.0
2025-04-15,2025-10-14 12:00:00,0.0,1.8287405315742866
2025-04-15,2025-10-14 12:00:00,0.0,1.8287405315742866
2025-04-15,2025-10-14 12:00:00,0.0,7.3175406406223455
2025-04-15,2025-10-14 12:00:00,0.0,7.3175406406223455
2025-04-15,2025-10-14 12:00:00,0.0,6.870758535442509
2025-04-15,2025-10-14 12:00:00,0.0,3.382330557014898
2025-04-15,2025-10-14 12:00:00,0.0,0.3929684433356351
2025-04-15,2025-10-14 12:00:00,0.0,0.0
2025-04-15,2025-10-14 12:00:00,0.0,0.0
2025-04-15,2025-10-14 12:00:00,0.0,0.0
2025-04-15,2025-10-14 12:00:00,0.0,0.0
2025-04-15,2025-10-14 12:00:00,0.0,3.3723850668818107
2025-04-15,2025-10-14 12:00:00,0.0,0.0
2025-04-15,2025-10-14 12:00:00,0.0,0.0
2025-04-15,2025-10-14 12:00:00,0.0,0.0
2025-04-15,2025-10-14 12:00:00,0.0,0.0
2025-04-15,2025-10-14 12:00:00,0.0,0.0
2025-04-15,2025-10-14 12:00:00,0.0,0.0
2025-04-15,2025-10-14 12:00:00,0.0,0.0
2025-04-15,2025-10-14 12:00:00,0.0,0.0
2025-04-15,2025-10-14 12:00:00,0.0,4.581273495161076
2025-04-15,2025-10-14 12:00:00,0.0,4.581273495161076
2025-04-15,2025-10-14 12:00:00,0.0,0.0
2025-04-15,2025-10-14 12:00:00,0.0,0.0
2025-04-15,2025-10-14 12:00:00,0.0,0.0
2025-04-15,2025-10-14 12:00:00,0.0,5.3518456832972365
2025-04-15,2025-10-14 12:00:00,0.0,6.211793594853818
2025-04-15,2025-10-14 12:00:00,0.0,6.975026407447366
2025-04-15,2025-10-14 12:00:00,0.0,7.1438212680607265
2025-04-15,2025-10-14 12:00:00,0.0,7.1438212680607265
2025-04-15,2025-10-14 12:00:00,0.0,3.974318995971046
2025-04-15,2025-10-14 12:00:00,0.0,0.0
2025-04-15,2025-10-14 12:00:00,0.0,0.0
2025-04-15,2025-10-14 12:00:00,0.0,0.0
2025-04-15,2025-10-14 12:00:00,0.0,0.0
2025-04-15,2025-10-14 12:00:00,0.0,2.6947098090761585
2025-04-15,2025-10-14 12:00:00,0.0,2.680943199777575
2025-04-15,2025-10-14 12:00:00,0.0,1.9568599706518968
2025-04-15,2025-10-14 12:00:00,0.0,2.2821073188975176
2025-04-15,2025-10-14 12:00:00,0.0,0.0
2025-04-15,2025-10-14 12:00:00,0.0,0.0
2025-04-15,2025-10-14 12:00:00,0.0,0.0
2025-04-15,2025-10-14 12:00:00,0.0,0.0
2025-04-15,2025-10-14 12:00:00,0.0,1.8287405315742866
2025-04-15,2025-10-14 12:00:00,0.0,2.147369426717699
2025-04-15,2025-10-14 12:00:00,0.0,7.3175406406223455
2025-04-15,2025-10-14 12:00:00,0.0,7.066015160454753
2025-04-15,2025-10-14 12:00:00,0.0,5.334920060751963
2025-04-15,2025-10-14 12:00:00,0.0,3.5969288299853788
2025-04-15,2025-10-14 12:00:00,0.0,0.48788997184765687
2025-04-15,2025-10-14 12:00:00,0.0,0.0
2025-04-15,2025-10-14 12:00:00,0.0,0.0
2025-04-15,2025-10-14 12:00:00,0.0,0.0
2025-04-15,2025-10-14 12:00:00,0.0,0.0
2025-04-15,2025-10-14 12:00:00,0.0,3.2284399865752462
2025-04-15,2025-10-14 12:00:00,0.0,0.0
2025-04-15,2025-10-14 12:00:00,0.0,0.0
2025-04-15,2025-10-14 12:00:00,0.0,0.0
2025-04-15,2025-10-14 12:00:00,0.0,0.0
2025-04-15,2025-10-14 12:00:00,0.0,0.0
2025-04-15,2025-10-14 12:00:00,0.0,0.0
2025-04-15,2025-10-14 12:00:00,0.0,0.0
2025-04-15,2025-10-14 12:00:00,0.0,2.181308988633091
2025-04-15,2025-10-14 12:00:00,0.0,4.581273495161076
2025-04-15,2025-10-14 12:00:00,0.0,1.9116448654785618
2025-04-15,2025-10-14 12:00:00,0.0,0.0
2025-04-15,2025-10-14 12:00:00,0.0,3.2545993695218702
2025-04-15,2025-10-14 12:00:00,0.0,5.2078659739328454
2025-04-15,2025-10-14 12:00:00,0.0,6.094751178764989
2025-04-15,2025-10-14 12:00:00,0.0,6.499014602168214
2025-04-15,2025-10-14 12:00:00,0.0,7.1438212680607265
2025-04-15,2025-10-14 12:00:00,0.0,7.1438212680607265
2025-04-15,2025-10-14 12:00:00,0.0,7.1438212680607265
2025-04-15,2025-10-14 12:00:00,0.0,0.0
2025-04-15,2025-10-14 12:00:00,0.0,0.0
2025-04-15,2025-10-14 12:00:00,0.0,0.0
2025-04-15,2025-10-14 12:00:00,0.0,0.0
2025-04-15,2025-10-14 12:00:00,0.0,2.5219981179151567
2025-04-15,2025-10-14 12:00:00,0.0,2.6947098090761585
2025-04-15,2025-10-14 12:00:00,0.0,2.934782644323381
2025-04-15,2025-10-14 12:00:00,0.0,1.9568599706518968
2025-04-15,2025-10-14 12:00:00,0.0,2.1586983425229342
2025-04-15,2025-10-14 12:00:00,0.0,1.8685663627451716
2025-04-15,2025-10-14 12:00:00,0.0,0.0
2025-04-15,2025-10-14 12:00:00,0.0,0.0
2025-04-15,2025-10-14 12:00:00,0.0,0.0
2025-04-15,2025-10-14 12:00:00,0.0,1.7097387226816894
2025-04-15,2025-10-14 12:00:00,0.0,1.8287405315742866
2025-04-15,2025-10-14 12:00:00,0.0,7.3175406406223455
2025-04-15,2025-10-14 12:00:00,0.0,7.3175406406223455
2025-04-15,2025-10-14 12:00:00,0.0,5.334920060751963
2025-04-15,2025-10-14 12:00:00,0.0,5.334920060751963
2025-04-15,2025-10-14 12:00:00,0.0,3.752829253666021
2025-04-15,2025-10-14 12:00:00,0.0,0.33563895513146247
2025-04-15,2025-10-14 12:00:00,0.0,0.0
2025-04-15,2025-10-14 12:00:00,0.0,0.0
2025-04-15,2025-10-14 12:00:00,0.0,0.0
2025-04-15,2025-10-14 12:00:00,0.0,3.2478258108153075
2025-04-15,2025-10-14 12:00:00,0.0,0.0
2025-04-15,2025-10-14 12:00:00,0.0,0.0
2025-04-15,2025-10-14 12:00:00,0.0,0.0
2025-04-15,2025-10-14 12:00:00,0.0,0.0
2025-04-15,2025-10-14 12:00:00,0.0,0.0
2025-04-15,2025-10-14 12:00:00,0.0,0.0
2025-04-15,2025-10-14 12:00:00,0.0,0.0
2025-04-15,2025-10-14 12:00:00,0.0,0.0
2025-04-15,2025-10-14 12:00:00,0.0,4.581273495161076
2025-04-15,2025-10-14 12:00:00,0.0,3.9656144087294303
2025-04-15,2025-10-14 12:00:00,0.0,0.0
2025-04-15,2025-10-14 12:00:00,0.0,5.408655046713807
2025-04-15,2025-10-14 12:00:00,0.0,4.087317210485632
2025-04-15,2025-10-14 12:00:00,0.0,6.094751178764989
2025-04-15,2025-10-14 12:00:00,0.0,6.094751178764989
2025-04-15,2025-10-14 12:00:00,0.0,6.861979174391959
2025-04-15,2025-10-14 12:00:00,0.0,7.1438212680607265
2025-04-15,2025-10-14 12:00:00,0.0,7.1438212680607265
2025-04-15,2025-10-14 12:00:00,0.0,7.1438212680607265
2025-04-15,2025-10-14 12:00:00,0.0,0.0
2025-04-15,2025-10-14 12:00:00,0.0,0.0
2025-04-15,2025-10-14 12:00:00,0.0,0.0
2025-04-15,2025-10-14 12:00:00,0.0,0.0
2025-04-15,2025-10-14 12:00:00,0.0,2.6947098090761585
2025-04-15,2025-10-14 12:00:00,0.0,3.037904272845942
2025-04-15,2025-10-14 12:00:00,0.0,2.698067538797823
2025-04-15,2025-10-14 12:00:00,0.0,2.8840463922240884
2025-04-15,2025-10-14 12:00:00,0.0,1.1714345401727353
2025-04-15,2025-10-14 12:00:00,0.0,1.2849212429024433
2025-04-15,2025-10-14 12:00:00,0.0,0.0
2025-04-15,2025-10-14 12:00:00,0.0,0.0
2025-04-15,2025-10-14 12:00:00,0.0,1.7060715751137219
2025-04-15,2025-10-14 12:00:00,0.0,2.0863582713697357
2025-04-15,2025-10-14 12:00:00,0.0,7.581307833685924
2025-04-15,2025-10-14 12:00:00,0.0,6.156018271696197
2025-04-15,2025-10-14 12:00:00,0.0,5.334920060751963
2025-04-15,2025-10-14 12:00:00,0.0,5.334920060751963
2025-04-15,2025-10-14 12:00:00,0.0,3.7752977841354807
2025-04-15,2025-10-14 12:00:00,0.0,0.0
2025-04-15,2025-10-14 12:00:00,0.0,0.5754690255266803
2025-04-15,2025-10-14 12:00:00,0.0,0.0
2025-04-15,2025-10-14 12:00:00,0.0,0.27965146696070936
2025-04-15,2025-10-14 12:00:00,0.0,3.0442272391261103
2025-04-15,2025-10-14 12:00:00,0.0,0.0
2025-04-15,2025-10-14 12:00:00,0.0,0.0
2025-04-15,2025-10-14 12:00:00,0.0,0.0
2025-04-15,2025-10-14 12:00:00,0.0,0.0
2025-04-15,2025-10-14 12:00:00,0.0,0.0
2025-04-15,2025-10-14 12:00:00,0.0,0.0
2025-04-15,2025-10-14 12:00:00,0.0,0.0
2025-04-15,2025-10-14 12:00:00,0.0,2.7049143416965356
2025-04-15,2025-10-14 12:00:00,0.0,4.581273495161076
2025-04-15,2025-10-14 12:00:00,0.0,0.787821779209863
2025-04-15,2025-10-14 12:00:00,0.0,5.849776500891006
2025-04-15,2025-10-14 12:00:00,0.0,7.945150292357237
2025-04-15,2025-10-14 12:00:00,0.0,6.094751178764989
2025-04-15,2025-10-14 12:00:00,0.0,6.094751178764989
2025-04-15,2025-10-14 12:00:00,0.0,6.340228694953133
2025-04-15,2025-10-14 12:00:00,0.0,7.1438212680607265
2025-04-15,2025-10-14 12:00:00,0.0,7.1438212680607265
2025-04-15,2025-10-14 12:00:00,0.0,7.1438212680607265
2025-04-15,2025-10-14 12:00:00,0.0,0.0
2025-04-15,2025-10-14 12:00:00,0.0,0.0
2025-04-15,2025-10-14 12:00:00,0.0,0.0
2025-04-15,2025-10-14 12:00:00,0.0,0.0
2025-04-15,2025-10-14 12:00:00,0.0,1.976725233412261
2025-04-15,2025-10-14 12:00:00,0.0,2.6947098090761585
2025-04-15,2025-10-14 12:00:00,0.0,5.403441183115218
2025-04-15,2025-10-14 12:00:00,0.0,2.559667231630744
2025-04-15,2025-10-14 12:00:00,0.0,2.821272770761246
2025-04-15,2025-10-14 12:00:00,0.0,2.9785310740325146
2025-04-15,2025-10-14 12:00:00,0.0,1.2333378370537709
2025-04-15,2025-10-14 12:00:00,0.0,0.0
2025-04-15,2025-10-14 12:00:00,0.0,0.0
2025-04-15,2025-10-14 12:00:00,0.0,0.8400838442671719
2025-04-15,2025-10-14 12:00:00,0.0,1.6840940482773292
2025-04-15,2025-10-14 12:00:00,0.0,8.800142165958764
2025-04-15,2025-10-14 12:00:00,0.0,8.045567840173335
2025-04-15,2025-10-14 12:00:00,0.0,5.334920060751963
2025-04-15,2025-10-14 12:00:00,0.0,5.334920060751963
2025-04-15,2025-10-14 12:00:00,0.0,5.334920060751963
2025-04-15,2025-10-14 12:00:00,0.0,3.5770683291265675
2025-04-15,2025-10-14 12:00:00,0.0,0.0
2025-04-15,2025-10-14 12:00:00,0.0,4.139813422198383
2025-04-15,2025-10-14 12:00:00,0.0,0.0
2025-04-15,2025-10-14 12:00:00,0.0,3.2342074676672556
2025-04-15,2025-10-14 12:00:00,0.0,0.0
2025-04-15,2025-10-14 12:00:00,0.0,0.0
2025-04-15,2025-10-14 12:00:00,0.0,0.0
2025-04-15,2025-10-14 12:00:00,0.0,0.0
2025-04-15,2025-10-14 12:00:00,0.0,0.0
2025-04-15,2025-10-14 12:00:00,0.0,0.0
2025-04-15,2025-10-14 12:00:00,0.0,0.0
2025-04-15,2025-10-14 12:00:00,0.0,1.8791662928978081
2025-04-15,2025-10-14 12:00:00,0.0,4.01937957588386
2025-04-15,2025-10-14 12:00:00,0.0,1.7714532175862048
2025-04-15,2025-10-14 12:00:00,0.0,0.655920929395612
2025-04-15,2025-10-14 12:00:00,0.0,7.960281999139536
2025-04-15,2025-10-14 12:00:00,0.0,3.3304875750998453
2025-04-15,2025-10-14 12:00:00,0.0,6.094751178764989
2025-04-15,2025-10-14 12:00:00,0.0,6.094751178764989
2025-04-15,2025-10-14 12:00:00,0.0,6.685231174646319
2025-04-15,2025-10-14 12:00:00,0.0,7.1438212680607265
2025-04-15,2025-10-14 12:00:00,0.0,7.1438212680607265
2025-04-15,2025-10-14 12:00:00,0.0,6.689344036425249
2025-04-15,2025-10-14 12:00:00,0.0,0.0
2025-04-15,2025-10-14 12:00:00,0.0,0.0
2025-04-15,2025-10-14 12:00:00,0.0,0.0
2025-04-15,2025-10-14 12:00:00,0.0,0.0
2025-04-15,2025-10-14 12:00:00,0.0,2.6947098090761585
2025-04-15,2025-10-14 12:00:00,0.0,4.8209927141326645
2025-04-15,2025-10-14 12:00:00,0.0,5.294738236151051
2025-04-15,2025-10-14 12:00:00,0.0,2.9785310740325146
2025-04-15,2025-10-14 12:00:00,0.0,2.9785310740325146
2025-04-15,2025-10-14 12:00:00,0.0,2.2840306088568285
2025-04-15,2025-10-14 12:00:00,0.0,0.0
2025-04-15,2025-10-14 12:00:00,0.0,0.0
2025-04-15,2025-10-14 12:00:00,0.0,0.7604274368142608
2025-04-15,2025-10-14 12:00:00,0.0,2.284049182690115
2025-04-15,2025-10-14 12:00:00,0.0,11.224683232034375
2025-04-15,2025-10-14 12:00:00,0.0,5.5120573716754855
2025-04-15,2025-10-14 12:00:00,0.0,5.334920060751963
2025-04-15,2025-10-14 12:00:00,0.0,5.334920060751963
2025-04-15,2025-10-14 12:00:00,0.0,5.334920060751963
2025-04-15,2025-10-14 12:00:00,0.0,3.0278639140559847
2025-04-15,2025-10-14 12:00:00,0.0,7.518277423304062
2025-04-15,2025-10-14 12:00:00,0.0,0.0
2025-04-15,2025-10-14 12:00:00,0.0,2.764128791587007
2025-04-15,2025-10-14 12:00:00,0.0,2.9271741782091407
2025-04-15,2025-10-14 12:00:00,0.0,0.0
2025-04-15,2025-10-14 12:00:00,0.0,0.0
2025-04-15,2025-10-14 12:00:00,0.0,0.0
2025-04-15,2025-10-14 12:00:00,0.0,0.0
2025-04-15,2025-10-14 12:00:00,0.0,0.0
2025-04-15,2025-10-14 12:00:00,0.0,0.0
2025-04-15,2025-10-14 12:00:00,0.0,1.9866488013114618
2025-04-15,2025-10-14 12:00:00,0.0,2.384179645638466
2025-04-15,2025-10-14 12:00:00,0.0,3.672056886466045
2025-04-15,2025-10-14 12:00:00,0.0,0.655920929395612
2025-04-15,2025-10-14 12:00:00,0.0,7.960281999139536
2025-04-15,2025-10-14 12:00:00,0.0,7.5788845453134694
2025-04-15,2025-10-14 12:00:00,0.0,4.585881753539875
2025-04-15,2025-10-14 12:00:00,0.0,6.094751178764989
2025-04-15,2025-10-14 12:00:00,0.0,5.949093141060229
2025-04-15,2025-10-14 12:00:00,0.0,5.690212680818371
2025-04-15,2025-10-14 12:00:00,0.0,5.878970368363364
2025-04-15,2025-10-14 12:00:00,0.0,5.762221416290018
2025-04-15,2025-10-14 12:00:00,0.0,0.0
2025-04-15,2025-10-14 12:00:00,0.0,0.0
2025-04-15,2025-10-14 12:00:00,0.0,0.0
2025-04-15,2025-10-14 12:00:00,0.0,0.0
2025-04-15,2025-10-14 12:00:00,0.0,0.0
2025-04-15,2025-10-14 12:00:00,0.0,3.584863296200411
2025-04-15,2025-10-14 12:00:00,0.0,5.784172812311365
2025-04-15,2025-10-14 12:00:00,0.0,4.517614228092635
2025-04-15,2025-10-14 12:00:00,0.0,3.090198502109789
2025-04-15,2025-10-14 12:00:00,0.0,2.9785310740325146
2025-04-15,2025-10-14 12:00:00,0.0,2.4564964532537563
2025-04-15,2025-10-14 12:00:00,0.0,2.2840306088568285
2025-04-15,2025-10-14 12:00:00,0.0,0.0
2025-04-15,2025-10-14 12:00:00,0.0,0.35495793619155447
2025-04-15,2025-10-14 12:00:00,0.0,0.6509292188082617
2025-04-15,2025-10-14 12:00:00,0.0,12.353858128994279
2025-04-15,2025-10-14 12:00:00,0.0,12.355691380457873
2025-04-15,2025-10-14 12:00:00,0.0,5.334920060751963
2025-04-15,2025-10-14 12:00:00,0.0,5.334920060751963
2025-04-15,2025-10-14 12:00:00,0.0,5.334920060751963
2025-04-15,2025-10-14 12:00:00,0.0,5.334920060751963
2025-04-15,2025-10-14 12:00:00,0.0,7.510440187145303
2025-04-15,2025-10-14 12:00:00,0.0,8.178913286283757
2025-04-15,2025-10-14 12:00:00,0.0,0.0
2025-04-15,2025-10-14 12:00:00,0.0,3.2342074676672556
2025-04-15,2025-10-14 12:00:00,0.0,0.0
2025-04-15,2025-10-14 12:00:00,0.0,0.0
2025-04-15,2025-10-14 12:00:00,0.0,0.0
2025-04-15,2025-10-14 12:00:00,0.0,2.4294616466619785
2025-04-15,2025-10-14 12:00:00,0.0,0.9001166722983551
2025-04-15,2025-10-14 12:00:00,0.0,0.0
2025-04-15,2025-10-14 12:00:00,0.0,1.4448479553089546
2025-04-15,2025-10-14 12:00:00,0.0,2.384179645638466
2025-04-15,2025-10-14 12:00:00,0.0,2.586147261009311
2025-04-15,2025-10-14 12:00:00,0.0,0.7651983918659057
2025-04-15,2025-10-14 12:00:00,0.0,0.655920929395612
2025-04-15,2025-10-14 12:00:00,0.0,7.960281999139536
2025-04-15,2025-10-14 12:00:00,0.0,0.0
2025-04-15,2025-10-14 12:00:00,0.0,6.094751178764989
2025-04-15,2025-10-14 12:00:00,0.0,5.8628745554822554
2025-04-15,2025-10-14 12:00:00,0.0,4.424278073723044
2025-04-15,2025-10-14 12:00:00,0.0,3.997235765048144
2025-04-15,2025-10-14 12:00:00,0.0,4.065533656326555
2025-04-15,2025-10-14 12:00:00,0.0,3.3972876930536438
2025-04-15,2025-10-14 12:00:00,0.0,0.0
2025-04-15,2025-10-14 12:00:00,0.0,0.0
2025-04-15,2025-10-14 12:00:00,0.0,0.0
2025-04-15,2025-10-14 12:00:00,0.0,0.0
2025-04-15,2025-10-14 12:00:00,0.0,0.43455424277274823
2025-04-15,2025-10-14 12:00:00,0.0,5.784172812311365
2025-04-15,2025-10-14 12:00:00,0.0,5.784172812311365
2025-04-15,2025-10-14 12:00:00,0.0,2.9785310740325146
2025-04-15,2025-10-14 12:00:00,0.0,2.9785310740325146
2025-04-15,2025-10-14 12:00:00,0.0,2.2840306088568285
2025-04-15,2025-10-14 12:00:00,0.0,1.0957488476866548
2025-04-15,2025-10-14 12:00:00,0.0,0.0
2025-04-15,2025-10-14 12:00:00,0.0,0.35495793619155447
2025-04-15,2025-10-14 12:00:00,0.0,2.3246741176814183
2025-04-15,2025-10-14 12:00:00,0.0,12.551912718169119
2025-04-15,2025-10-14 12:00:00,0.0,11.337291149155373
2025-04-15,2025-10-14 12:00:00,0.0,5.334920060751963
2025-04-15,2025-10-14 12:00:00,0.0,5.334920060751963
2025-04-15,2025-10-14 12:00:00,0.0,5.334920060751963
2025-04-15,2025-10-14 12:00:00,0.0,7.226133464259901
2025-04-15,2025-10-14 12:00:00,0.0,8.178913286283757
2025-04-15,2025-10-14 12:00:00,0.0,5.573906209385045
2025-04-15,2025-10-14 12:00:00,0.0,3.2342074676672556
2025-04-15,2025-10-14 12:00:00,0.0,2.532122568477693
2025-04-15,2025-10-14 12:00:00,0.0,0.0
2025-04-15,2025-10-14 12:00:00,0.0,0.0
2025-04-15,2025-10-14 12:00:00,0.0,5.5238623963887905
2025-04-15,2025-10-14 12:00:00,0.0,4.096824506045298
2025-04-15,2025-10-14 12:00:00,0.0,2.6121751880083344
2025-04-15,2025-10-14 12:00:00,0.0,1.5712930384628434
2025-04-15,2025-10-14 12:00:00,0.0,2.384179645638466
2025-04-15,2025-10-14 12:00:00,0.0,2.384179645638466
2025-04-15,2025-10-14 12:00:00,0.0,1.6763543602117943
2025-04-15,2025-10-14 12:00:00,0.0,0.655920929395612
2025-04-15,2025-10-14 12:00:00,0.0,7.960281999139536
2025-04-15,2025-10-14 12:00:00,0.0,7.154446637795053
2025-04-15,2025-10-14 12:00:00,0.0,0.0
2025-04-15,2025-10-14 12:00:00,0.0,5.900522935464272
2025-04-15,2025-10-14 12:00:00,0.0,3.999040702979304
2025-04-15,2025-10-14 12:00:00,0.0,2.87627243775474
2025-04-15,2025-10-14 12:00:00,0.0,2.87627243775474
2025-04-15,2025-10-14 12:00:00,0.0,2.87627243775474
2025-04-15,2025-10-14 12:00:00,0.0,0.0
2025-04-15,2025-10-14 12:00:00,0.0,0.0
2025-04-15,2025-10-14 12:00:00,0.0,0.0
2025-04-15,2025-10-14 12:00:00,0.0,0.0
2025-04-15,2025-10-14 12:00:00,0.0,0.0
2025-04-15,2025-10-14 12:00:00,0.0,5.51719521075595
2025-04-15,2025-10-14 12:00:00,0.0,5.784172812311365
2025-04-15,2025-10-14 12:00:00,0.0,4.961597072430985
2025-04-15,2025-10-14 12:00:00,0.0,3.1431482318688886
2025-04-15,2025-10-14 12:00:00,0.0,2.9785310740325146
2025-04-15,2025-10-14 12:00:00,0.0,2.427179175367295
2025-04-15,2025-10-14 12:00:00,0.0,2.2840306088568285
2025-04-15,2025-10-14 12:00:00,0.0,0.0
2025-04-15,2025-10-14 12:00:00,0.0,0.35495793619155447
2025-04-15,2025-10-14 12:00:00,0.0,0.35495793619155447
2025-04-15,2025-10-14 12:00:00,0.0,12.310665814778439
2025-04-15,2025-10-14 12:00:00,0.0,12.551912718169119
2025-04-15,2025-10-14 12:00:00,0.0,11.130699926072657
2025-04-15,2025-10-14 12:00:00,0.0,5.334920060751963
2025-04-15,2025-10-14 12:00:00,0.0,5.334920060751963
2025-04-15,2025-10-14 12:00:00,0.0,6.532081487146404
2025-04-15,2025-10-14 12:00:00,0.0,8.178913286283757
2025-04-15,2025-10-14 12:00:00,0.0,8.178913286283757
2025-04-15,2025-10-14 12:00:00,0.0,2.840864110017249
2025-04-15,2025-10-14 12:00:00,0.0,3.2342074676672556
2025-04-15,2025-10-14 12:00:00,0.0,0.0
2025-04-15,2025-10-14 12:00:00,0.0,0.0
2025-04-15,2025-10-14 12:00:00,0.0,6.084657064582556
2025-04-15,2025-10-14 12:00:00,0.0,6.619660163309725
2025-04-15,2025-10-14 12:00:00,0.0,5.500838426849617
2025-04-15,2025-10-14 12:00:00,0.0,4.584484714507607
2025-04-15,2025-10-14 12:00:00,0.0,2.480441643248354
2025-04-15,2025-10-14 12:00:00,0.0,2.384179645638466
2025-04-15,2025-10-14 12:00:00,0.0,2.384179645638466
2025-04-15,2025-10-14 12:00:00,0.0,0.655920929395612
2025-04-15,2025-10-14 12:00:00,0.0,0.7421534654935615
2025-04-15,2025-10-14 12:00:00,0.0,7.960281999139536
2025-04-15,2025-10-14 12:00:00,0.0,0.0
2025-04-15,2025-10-14 12:00:00,0.0,0.0
2025-04-15,2025-10-14 12:00:00,0.0,4.03256441548653
2025-04-15,2025-10-14 12:00:00,0.0,2.87627243775474
2025-04-15,2025-10-14 12:00:00,0.0,2.87627243775474
2025-04-15,2025-10-14 12:00:00,0.0,2.87627243775474
2025-04-15,2025-10-14 12:00:00,0.0,2.173955169136517
2025-04-15,2025-10-14 12:00:00,0.0,0.0
2025-04-15,2025-10-14 12:00:00,0.0,0.0
2025-04-15,2025-10-14 12:00:00,0.0,0.0
2025-04-15,2025-10-14 12:00:00,0.0,0.0
2025-04-15,2025-10-14 12:00:00,0.0,0.0
2025-04-15,2025-10-14 12:00:00,0.0,5.784172812311365
2025-04-15,2025-10-14 12:00:00,0.0,5.784172812311365
2025-04-15,2025-10-14 12:00:00,0.0,2.9785310740325146
2025-04-15,2025-10-14 12:00:00,0.0,2.9785310740325146
2025-04-15,2025-10-14 12:00:00,0.0,2.2840306088568285
2025-04-15,2025-10-14 12:00:00,0.0,2.2840306088568285
2025-04-15,2025-10-14 12:00:00,0.0,0.35495793619155447
2025-04-15,2025-10-14 12:00:00,0.0,0.35495793619155447
2025-04-15,2025-10-14 12:00:00,0.0,0.8972743075570915
2025-04-15,2025-10-14 12:00:00,0.0,12.551912718169119
2025-04-15,2025-10-14 12:00:00,0.0,12.551912718169119
2025-04-15,2025-10-14 12:00:00,0.0,11.48775083588454
2025-04-15,2025-10-14 12:00:00,0.0,8.229597167803265
2025-04-15,2025-10-14 12:00:00,0.0,6.0560124855356765
2025-04-15,2025-10-14 12:00:00,0.0,8.127526994771568
2025-04-15,2025-10-14 12:00:00,0.0,8.178913286283757
2025-04-15,2025-10-14 12:00:00,0.0,8.178913286283757
2025-04-15,2025-10-14 12:00:00,0.0,3.2342074676672556
2025-04-15,2025-10-14 12:00:00,0.0,1.1459223115029598
2025-04-15,2025-10-14 12:00:00,0.0,0.0
2025-04-15,2025-10-14 12:00:00,0.0,0.0
2025-04-15,2025-10-14 12:00:00,0.0,6.619660163309725
2025-04-15,2025-10-14 12:00:00,0.0,6.619660163309725
2025-04-15,2025-10-14 12:00:00,0.0,6.619660163309725
2025-04-15,2025-10-14 12:00:00,0.0,5.1519778917718195
2025-04-15,2025-10-14 12:00:00,0.0,2.384179645638466
2025-04-15,2025-10-14 12:00:00,0.0,2.384179645638466
2025-04-15,2025-10-14 12:00:00,0.0,1.742057614032715
2025-04-15,2025-10-14 12:00:00,0.0,0.655920929395612
2025-04-15,2025-10-14 12:00:00,0.0,6.39130872295612
2025-04-15,2025-10-14 12:00:00,0.0,6.627047766814495
2025-04-15,2025-10-14 12:00:00,0.0,0.0
2025-04-15,2025-10-14 12:00:00,0.0,0.0
2025-04-15,2025-10-14 12:00:00,0.0,2.87627243775474
2025-04-15,2025-10-14 12:00:00,0.0,2.87627243775474
2025-04-15,2025-10-14 12:00:00,0.0,2.87627243775474
2025-04-15,2025-10-14 12:00:00,0.0,2.87627243775474
2025-04-15,2025-10-14 12:00:00,0.0,0.0
2025-04-15,2025-10-14 12:00:00,0.0,0.0
2025-04-15,2025-10-14 12:00:00,0.0,0.0
2025-04-15,2025-10-14 12:00:00,0.0,0.0
2025-04-15,2025-10-14 12:00:00,0.0,0.0
2025-04-15,2025-10-14 12:00:00,0.0,5.577478528202385
2025-04-15,2025-10-14 12:00:00,0.0,5.784172812311365
2025-04-15,2025-10-14 12:00:00,0.0,5.106250900607033
2025-04-15,2025-10-14 12:00:00,0.0,3.2339381971398296
2025-04-15,2025-10-14 12:00:00,0.0,2.9785310740325146
2025-04-15,2025-10-14 12:00:00,0.0,2.2840306088568285
2025-04-15,2025-10-14 12:00:00,0.0,2.2840306088568285
2025-04-15,2025-10-14 12:00:00,0.0,2.242158022032141
2025-04-15,2025-10-14 12:00:00,0.0,0.35495793619155447
2025-04-15,2025-10-14 12:00:00,0.0,0.35495793619155447
2025-04-15,2025-10-14 12:00:00,0.0,10.837989905835908
2025-04-15,2025-10-14 12:00:00,0.0,12.551912718169119
2025-04-15,2025-10-14 12:00:00,0.0,12.551912718169119
2025-04-15,2025-10-14 12:00:00,0.0,12.032724482204747
2025-04-15,2025-10-14 12:00:00,0.0,10.184569289999768
2025-04-15,2025-10-14 12:00:00,0.0,8.08878789198097
2025-04-15,2025-10-14 12:00:00,0.0,8.178913286283757
2025-04-15,2025-10-14 12:00:00,0.0,8.178913286283757
2025-04-15,2025-10-14 12:00:00,0.0,3.280072420777385
2025-04-15,2025-10-14 12:00:00,0.0,3.2342074676672556
2025-04-15,2025-10-14 12:00:00,0.0,0.0
2025-04-15,2025-10-14 12:00:00,0.0,0.0
2025-04-15,2025-10-14 12:00:00,0.0,6.619660163309725
2025-04-15,2025-10-14 12:00:00,0.0,6.619660163309725
2025-04-15,2025-10-14 12:00:00,0.0,6.619660163309725
2025-04-15,2025-10-14 12:00:00,0.0,6.619660163309725
2025-04-15,2025-10-14 12:00:00,0.0,2.9848324682627654
2025-04-15,2025-10-14 12:00:00,0.0,2.384179645638466
2025-04-15,2025-10-14 12:00:00,0.0,2.384179645638466
2025-04-15,2025-10-14 12:00:00,0.0,0.6669851179565719
2025-04-15,2025-10-14 12:00:00,0.0,0.655920929395612
2025-04-15,2025-10-14 12:00:00,0.0,7.960281999139536
2025-04-15,2025-10-14 12:00:00,0.0,0.0
2025-04-15,2025-10-14 12:00:00,0.0,0.0
2025-04-15,2025-10-14 12:00:00,0.0,0.0
2025-04-15,2025-10-14 12:00:00,0.0,2.87627243775474
2025-04-15,2025-10-14 12:00:00,0.0,2.87627243775474
2025-04-15,2025-10-14 12:00:00,0.0,2.87627243775474
2025-04-15,2025-10-14 12:00:00,0.0,0.30271057314615696
2025-04-15,2025-10-14 12:00:00,0.0,0.0
2025-04-15,2025-10-14 12:00:00,0.0,0.0
2025-04-15,2025-10-14 12:00:00,0.0,0.0
2025-04-15,2025-10-14 12:00:00,0.0,0.0
2025-04-15,2025-10-14 12:00:00,0.0,0.0
2025-04-15,2025-10-14 12:00:00,0.0,5.784172812311365
2025-04-15,2025-10-14 12:00:00,0.0,5.784172812311365
2025-04-15,2025-10-14 12:00:00,0.0,2.9785310740325146
2025-04-15,2025-10-14 12:00:00,0.0,2.9243160471716
2025-04-15,2025-10-14 12:00:00,0.0,2.2840306088568285
2025-04-15,2025-10-14 12:00:00,0.0,2.2840306088568285
2025-04-15,2025-10-14 12:00:00,0.0,0.5158008669041239
2025-04-15,2025-10-14 12:00:00,0.0,0.35495793619155447
2025-04-15,2025-10-14 12:00:00,0.0,0.35495793619155447
2025-04-15,2025-10-14 12:00:00,0.0,12.509937446644917
2025-04-15,2025-10-14 12:00:00,0.0,12.551912718169119
2025-04-15,2025-10-14 12:00:00,0.0,12.551912718169119
2025-04-15,2025-10-14 12:00:00,0.0,12.551912718169119
2025-04-15,2025-10-14 12:00:00,0.0,8.96554817384068
2025-04-15,2025-10-14 12:00:00,0.0,8.178913286283757
2025-04-15,2025-10-14 12:00:00,0.0,8.178913286283757
2025-04-15,2025-10-14 12:00:00,0.0,7.793803819431782
2025-04-15,2025-10-14 12:00:00,0.0,3.2342074676672556
2025-04-15,2025-10-14 12:00:00,0.0,0.0
2025-04-15,2025-10-14 12:00:00,0.0,0.0
2025-04-15,2025-10-14 12:00:00,0.0,0.0
2025-04-15,2025-10-14 12:00:00,0.0,6.619660163309725
2025-04-15,2025-10-14 12:00:00,0.0,6.619660163309725
2025-04-15,2025-10-14 12:00:00,0.0,6.619660163309725
2025-04-15,2025-10-14 12:00:00,0.0,5.830801883995502
2025-04-15,2025-10-14 12:00:00,0.0,2.384179645638466
2025-04-15,2025-10-14 12:00:00,0.0,2.384179645638466
2025-04-15,2025-10-14 12:00:00,0.0,2.15708201721793
2025-04-15,2025-10-14 12:00:00,0.0,0.655920929395612
2025-04-15,2025-10-14 12:00:00,0.0,2.7487810169580182
2025-04-15,2025-10-14 12:00:00,0.0,6.2272619625160806
2025-04-15,2025-10-14 12:00:00,0.0,0.0
2025-04-15,2025-10-14 12:00:00,0.0,0.0
2025-04-15,2025-10-14 12:00:00,0.0,0.0
2025-04-15,2025-10-14 12:00:00,0.0,2.87627243775474
2025-04-15,2025-10-14 12:00:00,0.0,2.87627243775474
2025-04-15,2025-10-14 12:00:00,0.0,2.329028748086471
2025-04-15,2025-10-14 12:00:00,0.0,0.0
2025-04-15,2025-10-14 12:00:00,0.0,0.0
2025-04-15,2025-10-14 12:00:00,0.0,0.0
2025-04-15,2025-10-14 12:00:00,0.0,0.0
2025-04-15,2025-10-14 12:00:00,0.0,0.0
2025-04-15,2025-10-14 12:00:00,0.0,5.527050151618587
2025-04-15,2025-10-14 12:00:00,0.0,5.784172812311365
2025-04-15,2025-10-14 12:00:00,0.0,5.230777681658437
2025-04-15,2025-10-14 12:00:00,0.0,3.3416689884739372
2025-04-15,2025-10-14 12:00:00,0.0,2.9785310740325146
2025-04-15,2025-10-14 12:00:00,0.0,2.3991942162633637
2025-04-15,2025-10-14 12:00:00,0.0,2.2840306088568285
2025-04-15,2025-10-14 12:00:00,0.0,2.268105658019415
2025-04-15,2025-10-14 12:00:00,0.0,0.35495793619155447
2025-04-15,2025-10-14 12:00:00,0.0,0.35495793619155447
2025-04-15,2025-10-14 12:00:00,0.0,5.625510498977887
2025-04-15,2025-10-14 12:00:00,0.0,12.551912718169119
2025-04-15,2025-10-14 12:00:00,0.0,12.551912718169119
2025-04-15,2025-10-14 12:00:00,0.0,12.551912718169119
2025-04-15,2025-10-14 12:00:00,0.0,11.235518781684835
2025-04-15,2025-10-14 12:00:00,0.0,8.25421156093284
2025-04-15,2025-10-14 12:00:00,0.0,8.178913286283757
2025-04-15,2025-10-14 12:00:00,0.0,8.178913286283757
2025-04-15,2025-10-14 12:00:00,0.0,3.245160034367749
2025-04-15,2025-10-14 12:00:00,0.0,3.2342074676672556
2025-04-15,2025-10-14 12:00:00,0.0,0.0
2025-04-15,2025-10-14 12:00:00,0.0,0.0
2025-04-15,2025-10-14 12:00:00,0.0,5.8792641866864415
2025-04-15,2025-10-14 12:00:00,0.0,6.619660163309725
2025-04-15,2025-10-14 12:00:00,0.0,6.619660163309725
2025-04-15,2025-10-14 12:00:00,0.0,6.619660163309725
2025-04-15,2025-10-14 12:00:00,0.0,3.563705839465171
2025-04-15,2025-10-14 12:00:00,0.0,2.384179645638466
2025-04-15,2025-10-14 12:00:00,0.0,2.384179645638466
2025-04-15,2025-10-14 12:00:00,0.0,0.7010840674559017
2025-04-15,2025-10-14 12:00:00,0.0,0.655920929395612
2025-04-15,2025-10-14 12:00:00,0.0,7.873598886288704
2025-04-15,2025-10-14 12:00:00,0.0,0.0
2025-04-15,2025-10-14 12:00:00,0.0,0.0
2025-04-15,2025-10-14 12:00:00,0.0,0.0
2025-04-15,2025-10-14 12:00:00,0.0,2.87627243775474
2025-04-15,2025-10-14 12:00:00,0.0,2.87627243775474
2025-04-15,2025-10-14 12:00:00,0.0,2.87627243775474
2025-04-15,2025-10-14 12:00:00,0.0,0.0
2025-04-15,2025-10-14 12:00:00,0.0,0.0
2025-04-15,2025-10-14 12:00:00,0.0,0.0
2025-04-15,2025-10-14 12:00:00,0.0,0.0
2025-04-15,2025-10-14 12:00:00,0.0,0.0
2025-04-15,2025-10-14 12:00:00,0.0,0.0
2025-04-15,2025-10-14 12:00:00,0.0,5.784172812311365
2025-04-15,2025-10-14 12:00:00,0.0,5.784172812311365
