Month,Day,Hour,DryBulb,DNI,DHI,Solar Altitude,Solar Azimuth
3,1,8,-2.4,446,46,15.15471055,112.8978912
3,1,9,-1,651,84,25.6063017,124.1875371
3,1,10,-0.6,774,109,34.59457016,137.8995326
3,1,11,0.6,708,163,41.21871062,154.8066508
3,1,12,0.8,553,247,44.38580201,174.6489597
3,1,13,0.8,443,292,43.36648055,195.2699963
3,1,14,1.4,301,297,38.41440096,213.8581491
3,1,15,1.4,184,264,30.53026135,229.1827543
3,1,16,1.3,113,182,20.75317176,241.6284427
3,1,17,0.7,160,99,9.838716144,252.1070412
3,1,18,0.5,124,33,-1.713021961,261.4988661
3,3,8,-0.1,445,48,15.73545165,112.3782065
3,3,9,1.7,647,86,26.23648872,123.7012272
3,3,10,1.9,772,108,35.28558955,137.4927523
3,3,11,4.9,837,121,41.96592271,154.5726171
3,3,12,5.5,868,128,45.15264733,174.6971225
3,3,13,5.7,877,127,44.09195946,195.6177966
3,3,14,7.2,851,126,39.05499563,214.4011116
3,3,15,7.6,802,116,31.08036845,229.8068983
3,3,16,7.6,720,96,21.2292926,242.2742712
3,3,17,6.7,552,68,10.26295555,252.7577611
3,3,18,6.2,221,28,-1.318911516,262.1589855
3,5,8,2,474,51,16.32658693,111.8572132
3,5,9,4.5,667,91,26.87640566,123.2127475
3,5,10,5,784,113,35.98601327,137.0845689
3,5,11,7.8,858,122,42.7221591,154.3422586
3,5,12,8.7,893,126,45.92672331,174.7597253
3,5,13,8.9,896,126,44.82063301,195.9894918
3,5,14,10.4,876,122,39.69444449,214.9689834
3,5,15,10.9,829,112,31.62667032,230.4518816
3,5,16,11.1,739,96,21.70070806,242.9365006
3,5,17,9.8,571,69,10.6827576,253.4215465
3,5,18,8.8,231,29,-0.928239174,262.8298555
3,7,8,1,466,52,16.92704015,111.3349915
3,7,9,4.7,658,88,27.52496433,122.7219965
3,7,10,5.3,773,110,36.69476934,136.6746704
3,7,11,9.3,838,122,43.48640866,154.115201
3,7,12,9.6,872,127,46.70707123,174.836669
3,7,13,9.8,876,127,45.55155157,196.3850821
3,7,14,11.4,857,123,40.33189443,215.5613668
3,7,15,12,812,113,32.16851823,231.1169288
3,7,16,12,725,97,22.1669863,243.6141922
3,7,17,10.4,561,71,11.09786759,254.0974115
3,7,18,9.8,228,31,-0.541131328,263.510468
3,9,8,4.7,97,80,17.53570976,110.811583
3,9,9,7,90,158,28.18105486,122.2288308
3,9,10,7.5,79,246,37.41076921,136.2626901
3,9,11,9.1,85,278,44.25765339,153.8910015
3,9,12,8.2,32,234,47.49273817,174.927796
3,9,13,7.3,8,142,46.28378381,196.804508
3,9,14,6.7,1,77,40.96652783,216.177787
3,9,15,6.3,6,62,32.70531211,231.8011983
3,9,16,6,6,35,22.62774755,244.3063623
3,9,17,4.8,0,18,11.50807934,254.7843421
3,9,18,4.6,0,7,-0.157673058,264.1997974
3,11,8,-0.4,93,91,18.1514717,110.2869937
3,11,9,1.4,125,181,28.84354786,121.7330687
3,11,10,1.5,133,271,38.13290923,135.8482083
3,11,11,3.1,230,323,45.0348695,153.6691479
3,11,12,3.8,434,302,48.28277833,175.0328887
3,11,13,3.9,516,276,47.01641855,197.2476475
3,11,14,5.5,533,248,41.5975646,216.8176906
3,11,15,5.4,641,177,33.23650173,232.5037828
3,11,16,5.5,685,113,23.08266395,245.0119845
3,11,17,4.4,556,76,11.91323391,255.4812986
3,11,18,4.4,225,34,0.222089793,264.8968027
3,13,8,3.3,35,78,18.77318218,109.7611982
3,13,9,5.2,46,146,29.51129657,121.2344934
3,13,10,5.3,53,201,38.86007209,135.4307549
3,13,11,7.6,53,222,45.81702845,153.4490585
3,13,12,7.8,60,249,49.07625429,175.1516679
3,13,13,7.8,54,293,47.74856639,197.7143136
3,13,14,9.5,42,258,42.22426404,217.4804444
3,13,15,9.2,36,189,33.76158758,233.2237112
3,13,16,9.2,21,132,23.53145899,245.7299921
3,13,17,9.4,5,70,12.31321794,256.1872178
3,13,18,9.1,0,22,0.598148139,265.6004294
3,15,8,4.9,6,31,19.39968069,109.2341433
3,15,9,5.6,6,49,30.18313921,120.7328575
3,15,10,5.5,0,66,39.59112836,135.0098127
3,15,11,5.9,5,104,46.60309788,153.2300824
3,15,12,5.7,46,173,49.8722381,175.2837915
3,15,13,6,100,178,48.47936131,198.2042517
3,15,14,6.8,82,165,42.84592642,218.1653342
3,15,15,6.9,203,158,34.28012118,233.9599502
3,15,16,7.8,462,111,23.9739064,246.4592816
3,15,17,6.8,528,79,12.70796142,256.9010162
3,15,18,6.3,245,36,0.970526799,266.309612
3,17,8,0.5,528,65,20.02979303,108.7057528
3,17,9,3.1,707,98,30.85790135,120.227888
3,17,10,3.4,810,117,40.32493796,134.5848213
3,17,11,6.9,867,128,47.39204257,153.0114995
3,17,12,6.9,893,133,50.66981237,175.428853
3,17,13,6.6,896,133,49.20796209,198.7171375
3,17,14,7.5,878,129,43.46189427,218.8715647
3,17,15,8.2,834,119,34.79170512,234.7114077
3,17,16,8.1,752,103,24.40982864,247.1987155
3,17,17,7.2,601,78,13.09743516,257.6215925
3,17,18,7.3,252,37,1.339281302,267.0232761
3,19,8,2,8,43,20.66233447,108.1759326
3,19,9,2,51,112,31.53439845,119.7192913
3,19,10,2.1,141,178,41.0603518,134.1551814
3,19,11,3.4,149,252,48.18282523,152.7925219
3,19,12,3.7,81,298,51.46807115,175.5863805
3,19,13,3.8,81,286,49.93355351,199.2525752
3,19,14,3.9,122,266,44.0715534,219.5982589
3,19,15,4.1,122,228,35.29599255,235.4769348
3,19,16,3.7,175,173,24.83909494,247.947126
3,19,17,3.5,185,100,13.48164782,258.3478306
3,19,18,3.5,61,35,1.704494386,267.7403408
3,21,8,2.6,438,81,21.29611304,107.6445759
3,21,9,5.1,612,121,32.21143844,119.2067592
3,21,10,5.6,737,136,41.79621337,133.7202602
3,21,11,8.8,812,143,48.97440732,152.5722954
3,21,12,9.1,783,177,52.26612078,175.7558356
3,21,13,9.2,689,225,50.65534754,199.8100951
3,21,14,10.1,533,266,44.67433355,220.3444594
3,21,15,10.1,334,276,35.7926863,236.2553296
3,21,16,10,182,223,25.26161891,248.7033187
3,21,17,9,109,142,13.8606426,259.0786023
3,21,18,8.6,47,59,2.06627224,268.4597206
3,23,8,5.7,259,87,21.92993279,107.111569
3,23,9,7.5,376,166,32.88782445,118.6899755
3,23,10,7.3,377,232,42.53136047,133.2793973
3,23,11,8.7,416,267,49.76574976,152.349901
3,23,12,9.6,494,252,53.0630805,175.9366125
3,23,13,9.9,681,189,51.37258422,200.3891516
3,23,14,11.1,753,160,45.26970886,221.1091285
3,23,15,10.9,669,161,36.28153754,237.0453412
3,23,16,11,503,149,25.67735576,249.4660762
3,23,17,10.1,338,100,14.23449366,259.8127709
3,23,18,9.7,141,38,2.424740524,269.1803285
3,25,8,2.5,540,75,22.56259728,106.5767969
3,25,9,5.1,710,104,33.56235762,118.1686224
3,25,10,5.3,800,123,43.26462693,132.8319113
3,25,11,9.6,850,134,50.55581358,152.1243582
3,25,12,9.8,864,144,53.85808311,176.1280372
3,25,13,9.7,823,166,52.08453244,200.9891222
3,25,14,10.6,782,171,45.85719784,221.8911503
3,25,15,10.9,758,146,36.76234411,237.8456731
3,25,16,10.6,682,122,26.08629918,250.2341619
3,25,17,9.1,536,92,14.60330227,260.5491933
3,25,18,8.6,223,47,2.780040226,269.9010779
3,27,8,3.7,477,88,23.19291298,106.0401498
3,27,9,7.8,632,125,34.23384,117.6423882
3,27,10,8.9,715,154,43.99484447,132.3771077
3,27,11,12.4,710,198,51.34356056,151.8946278
3,27,12,12.5,656,247,54.6502753,176.3293669
3,27,13,12.7,610,266,52.79049059,201.6093051
3,27,14,13.9,609,243,46.43636318,222.6893322
3,27,15,14.5,599,206,37.23494834,238.6549879
3,27,16,14.5,563,161,26.48847787,251.0063237
3,27,17,13.7,521,101,14.96719268,261.2867236
3,27,18,12.9,373,45,3.1323234,270.6208847
3,29,8,6.7,252,125,23.81969284,105.5015292
3,29,9,10.1,413,180,34.90107764,117.110975
3,29,10,10.3,477,236,44.72084468,131.914287
3,29,11,13.7,396,320,52.1279538,151.6596159
3,29,12,13.5,393,344,55.43881804,176.5397895
3,29,13,13,486,294,53.48978695,202.248918
3,29,14,13.4,370,272,47.00681111,223.5024073
3,29,15,12,322,243,37.69923462,239.4719114
3,29,16,11.5,348,192,26.88395188,251.7812981
3,29,17,9.3,238,137,15.32630794,262.0242157
3,29,18,9,124,60,3.481748843,271.3386704
3,31,8,4.6,563,81,24.4417599,104.9608541
3,31,9,8.3,722,109,35.56288369,116.5741067
3,31,10,8.2,809,126,45.44146099,131.4427538
3,31,11,10.8,855,137,52.90795823,151.4181793
3,31,12,11.4,874,143,56.2228867,176.758423
3,31,13,11.1,873,143,54.18177994,202.9070969
3,31,14,11.8,852,139,47.56819057,224.3290371
3,31,15,11.9,808,130,38.15512662,240.2950375
3,31,16,11.6,719,117,27.27280861,252.5578139
3,31,17,10.7,578,91,15.68080552,262.760526
3,31,18,10.5,380,47,3.828477751,272.0533636
4,1,8,4.8,532,83,24.75066197,104.6897274
4,1,9,8.1,702,110,35.89138173,116.3035485
4,1,10,9.6,793,127,45.79938669,131.2035064
4,1,11,12.3,841,137,53.29599182,151.2946822
4,1,12,12.2,846,150,56.61298951,176.870524
4,1,13,12.1,819,162,54.52484546,203.2428559
4,1,14,13,795,159,47.84538127,224.746998
4,1,15,12.5,758,143,38.37991088,240.7084796
4,1,16,12.2,676,122,27.46478931,252.9462513
4,1,17,11,515,96,15.85637475,263.1278819
4,1,18,11,316,52,4.000880974,272.4092183
4,3,8,7.4,126,133,25.36348399,104.145874
4,3,9,11.1,167,222,36.54283871,115.7580477
4,3,10,11.4,132,286,46.50974941,130.7176351
4,3,11,12.8,138,300,54.06747761,151.0413703
4,3,12,13.9,138,306,57.3888325,177.0996664
4,3,13,14,72,263,55.20474659,203.9270815
4,3,14,14.8,46,189,48.39258998,225.5913016
4,3,15,14.7,253,176,38.82314647,241.5382147
4,3,16,14.5,436,163,27.84393381,253.7226872
4,3,17,13.9,316,115,16.20426183,263.8602874
4,3,18,13.6,147,55,4.343862004,273.1172856
4,5,8,7.5,520,92,25.9687188,103.5998842
4,5,9,10.5,678,119,37.18594991,115.2065521
4,5,10,10.6,780,133,47.21183479,130.2213995
4,5,11,13.3,817,148,54.8319984,150.778598
4,5,12,13.7,831,157,58.15820294,177.3345072
4,5,13,13.4,819,158,55.8758725,204.6273464
4,5,14,13.7,772,166,48.93003049,226.445522
4,5,15,13.1,760,148,39.25794769,242.3705276
4,5,16,12.9,713,119,28.21677215,254.4974754
4,5,17,11.8,565,95,16.54795922,264.5886803
4,5,18,11.6,361,52,4.684531987,273.8196287
4,7,8,5,582,88,26.56525354,103.0517896
4,7,9,8.3,726,115,37.81957993,114.6489289
4,7,10,8.3,806,132,47.90450109,129.7142036
4,7,11,11.1,850,142,55.58852971,150.5051003
4,7,12,11.1,869,148,58.92032624,177.5739184
4,7,13,10.9,870,148,56.53768669,205.3424903
4,7,14,11.5,853,143,49.4574896,227.3080965
4,7,15,11.8,814,133,39.68434967,243.2039367
4,7,16,11.8,730,121,28.58345458,255.2693451
4,7,17,10.9,576,100,16.88764036,265.311946
4,7,18,10.8,342,58,5.023027338,274.5152192
4,9,8,11.7,4,65,27.15200202,102.501668
4,9,9,13.3,7,135,38.44261614,114.0851062
4,9,10,13.5,45,219,48.58661955,129.1955072
4,9,11,15.9,63,271,56.33605134,150.2195974
4,9,12,16.4,55,276,59.6744415,177.8167015
4,9,13,16.3,56,266,57.18968189,206.0712661
4,9,14,16.9,39,249,49.97478915,228.1774076
4,9,15,17,299,199,40.1024111,244.0369487
4,9,16,17.1,513,147,28.94413963,256.0370322
4,9,17,16.5,323,118,17.22347366,266.0289835
4,9,18,16.6,114,62,5.359468518,275.2030452
4,11,8,8.4,582,94,27.72790843,101.9496488
4,11,9,9.9,731,118,39.05397245,113.5150815
4,11,10,10.1,810,135,49.2570774,128.6648391
4,11,11,11.2,860,144,57.0735481,149.9208054
4,11,12,11.6,876,153,60.41980103,178.0615879
4,11,13,11.7,860,163,57.83137939,206.8123384
4,11,14,11.7,846,158,50.48178359,229.0517863
4,11,15,11.1,817,140,40.51221045,244.8680634
4,11,16,11,737,124,29.29898988,256.7992832
4,11,17,10.2,610,99,17.55561847,266.738707
4,11,18,9.9,410,57,5.69395649,275.8821134
4,13,8,8.2,509,107,28.29195098,101.3959186
4,13,9,11,667,133,39.65259316,112.9389301
4,13,10,11.7,761,146,49.9147811,128.1218115
4,13,11,14.8,802,160,57.80001055,149.60745
4,13,12,14.6,807,174,61.15566978,178.3072401
4,13,13,14.5,812,172,58.46232825,207.5642831
4,13,14,15.8,809,161,50.97835744,229.929517
4,13,15,16.7,790,143,40.91384196,245.6957774
4,13,16,16.4,732,121,29.64816786,257.5548568
4,13,17,15.3,607,97,17.88422124,267.4400478
4,13,18,15.2,404,58,6.02656945,276.5514507
4,15,8,11.9,235,135,28.84314556,100.8407259
4,15,9,13.6,494,154,40.2374569,112.3568132
4,15,10,14.2,732,143,50.55865976,127.5661344
4,15,11,15.6,820,149,58.51443601,149.27828
4,15,12,16.1,840,155,61.88132468,178.5522516
4,15,13,16.4,840,155,59.08210438,208.3255866
4,15,14,16.6,830,150,51.46442255,230.8088417
4,15,15,15.7,798,140,41.30741176,246.518588
4,15,16,15,731,123,29.991832,258.3025267
4,15,17,13.1,611,99,18.20941198,268.1319565
4,15,18,12.7,409,60,6.357359875,277.210106
4,17,8,7.9,456,119,29.38054931,100.284385
4,17,9,10.5,594,162,40.80758062,111.7689852
4,17,10,11.4,621,208,51.18766882,126.9976298
4,17,11,14.2,634,243,59.21582967,148.9320847
4,17,12,14.5,646,258,62.59605392,178.7951489
4,17,13,14.6,603,279,59.6903095,209.0946449
4,17,14,14.8,517,295,51.93991525,231.6879648
4,17,15,14.2,466,270,41.69303398,247.3349965
4,17,16,14.2,366,235,30.33013291,259.0410837
4,17,17,13.6,247,171,18.53130101,268.8134038
4,17,18,13.2,129,89,6.6863519,277.8571512
4,19,8,13.7,573,99,29.90326399,99.72728034
4,19,9,17.4,696,127,41.3620236,111.175801
4,19,10,17.5,761,148,51.80079405,126.4162472
4,19,11,21.3,806,156,59.90320599,148.5677111
4,19,12,21.6,833,156,63.29915617,179.0343928
4,19,13,21.4,835,157,60.28656999,209.8697633
4,19,14,21.9,807,157,52.40479333,232.5650568
4,19,15,21.3,770,145,42.07082695,248.143512
4,19,16,21.3,711,123,30.66320981,259.7693374
4,19,17,19.3,581,100,18.84997595,269.4833825
4,19,18,18,362,63,7.013539064,278.4916831
4,21,8,8.7,515,119,30.41043935,99.16986882
4,21,9,11.1,598,168,41.89989141,110.5777214
4,21,10,12,646,213,52.39705562,125.8220773
4,21,11,14.8,635,258,60.57559028,148.1840848
4,21,12,15.1,520,316,63.98993973,179.2683806
4,21,13,15.1,313,379,60.87053558,210.6491557
4,21,14,16.1,215,393,52.85903311,233.4382598
4,21,15,16.6,227,346,42.44090953,248.9426539
4,21,16,16.7,143,259,30.99118724,260.4861177
4,21,17,16,36,158,19.16549912,270.1409082
4,21,18,16,10,67,7.338882416,279.1128243
4,23,8,10.1,520,119,30.90127627,98.61268202
4,23,9,12.4,669,144,42.42033985,109.9753182
4,23,10,12.4,765,154,52.97551252,125.2153661
4,23,11,14.8,808,169,61.23202073,147.7802316
4,23,12,15.5,789,196,64.66772164,179.4954495
4,23,13,15.4,779,201,61.44187807,211.4309447
4,23,14,16.8,726,209,53.3026263,234.3056906
4,23,15,17.7,675,198,42.80339765,249.7309547
4,23,16,17.5,442,185,31.31417205,261.1902767
4,23,17,16,133,159,19.47790526,270.7850208
4,23,18,16.1,43,76,7.662309013,279.7197246
4,25,8,12.6,0,36,31.37502965,98.05632742
4,25,9,13.8,3,72,42.92257876,109.3692781
4,25,10,14.2,29,145,53.53526707,124.5965282
4,25,11,15.8,157,267,61.87155064,147.355302
4,25,12,17.3,365,297,65.33182685,179.7138797
4,25,13,17.9,406,300,62.00028982,212.2131618
4,25,14,18.9,364,300,53.73557699,235.1654462
4,25,15,19,260,215,43.15840096,250.5069627
4,25,16,18.8,148,137,31.63225072,261.8806896
4,25,17,17.2,80,60,19.78719958,271.4147853
4,25,18,16.7,0,19,7.983710803,280.3115619
4,27,8,10,0,51,31.83101116,97.5014886
4,27,9,10.6,1,110,43.4058757,108.760405
4,27,10,10.4,66,204,54.07546957,123.9661583
4,27,11,12.9,254,282,62.49325116,146.9085961
4,27,12,14.1,376,322,65.98158732,179.9219002
4,27,13,14.3,444,300,62.54548223,212.9937472
4,27,14,15.7,575,221,54.15789854,236.0156069
4,27,15,14.9,531,208,43.50601978,251.2692438
4,27,16,14.4,389,212,31.945487,262.5562557
4,27,17,13.6,264,171,20.09335624,272.0292925
4,27,18,13.3,131,101,8.302943891,280.8875431
4,29,8,13.9,585,107,32.26859165,96.94892459
4,29,9,17,681,140,43.86955939,108.1496206
4,29,10,16.9,725,170,54.59532308,123.3250412
4,29,11,19.3,766,184,63.09621439,146.4395921
4,29,12,19.9,814,175,66.61634113,180.1176945
4,29,13,19.9,841,161,63.07718417,213.7705515
4,29,14,21.2,825,155,54.56961065,236.8542415
4,29,15,21.7,777,147,43.84634221,252.016384
4,29,16,21.6,692,135,32.25391983,263.2158997
4,29,17,20.2,534,118,20.39631716,272.6276605
4,29,18,19.6,315,81,8.619828189,281.446905
5,1,8,12.1,213,155,32.88923545,96.12618484
5,1,9,14.2,397,194,44.52700066,107.2321653
5,1,10,14.4,510,231,55.33534816,122.3454211
5,1,11,16.1,449,296,63.96360199,145.6936485
5,1,12,16.3,455,314,67.53889944,180.3843981
5,1,13,15.8,594,262,63.84888761,214.9237484
5,1,14,16.2,690,209,55.16733674,238.0863381
5,1,15,15.6,682,182,44.34330093,253.1056653
5,1,16,15.6,592,164,32.7075823,264.1732246
5,1,17,14,410,142,20.844558,273.4930893
5,1,18,13.4,241,87,9.090267767,282.2531931
5,3,8,11.9,575,111,33.27846729,95.58310512
5,3,9,14.4,688,137,44.93914342,106.6213999
5,3,10,14.6,752,156,55.80123097,121.6821844
5,3,11,16.5,779,173,64.51592056,145.1680376
5,3,12,17.6,746,209,68.13327408,180.5414584
5,3,13,17.5,745,207,64.34577607,215.6811193
5,3,14,18.1,748,184,55.55262639,238.887665
5,3,15,18.5,650,194,44.66566516,253.8089126
5,3,16,18.1,432,211,33.0039998,264.7885331
5,3,17,16.6,157,187,21.13905742,274.0474318
5,3,18,16,36,106,9.400255787,282.7678711
5,5,8,12.7,225,178,33.64758941,95.04551669
5,5,9,13.8,367,225,45.32984772,106.0128541
5,5,10,14.6,460,261,56.24445803,121.0125386
5,5,11,16.9,501,292,65.04654436,144.6201142
5,5,12,17.5,559,294,68.71036286,180.6797097
5,5,13,17.4,560,299,64.82833725,216.4265039
5,5,14,18.2,455,319,55.92738338,239.67067
5,5,15,17.8,382,302,44.98091017,254.4922511
5,5,16,17.5,294,251,33.29553331,265.3843676
5,5,17,16,182,183,21.4298952,274.582769
5,5,18,15.3,133,103,9.706983059,283.263505
5,7,8,14.5,560,116,33.99625987,94.51448219
5,7,9,16.2,679,138,45.69875138,105.4079479
5,7,10,16.8,744,154,56.66452623,120.3381852
5,7,11,18,769,172,65.55471007,144.0505109
5,7,12,20.4,785,179,69.26952276,180.7972599
5,7,13,20.1,797,174,65.2963564,217.1573765
5,7,14,20.6,773,171,56.29162056,240.4334186
5,7,15,20.1,741,158,45.28904075,255.1543773
5,7,16,19.9,689,137,33.58209381,265.959777
5,7,17,18.9,577,113,21.71686295,275.098348
5,7,18,18.8,394,76,10.01011174,283.7394747
5,9,8,16.6,504,121,34.32420288,93.99111804
5,9,9,18.6,638,143,46.04556589,104.8081941
5,9,10,18.9,728,157,57.06100878,119.6610242
5,9,11,20.1,768,168,66.03970012,143.460193
5,9,12,21,779,178,69.81011372,180.8922435
5,9,13,20.7,777,179,65.74962589,217.8711403
5,9,14,20.8,758,172,56.64534197,241.173987
5,9,15,20.5,715,161,45.59003836,255.7940165
5,9,16,20.3,653,141,33.86356197,266.5138402
5,9,17,19.2,540,114,21.99971962,275.5934469
5,9,18,18.9,362,77,10.30927193,284.1951938
5,11,8,17.2,466,132,34.63120868,93.47658759
5,11,9,19.4,586,155,46.37007695,104.2151883
5,11,10,20,667,170,57.43355825,118.9831449
5,11,11,21.6,735,177,66.50084833,142.8504801
5,11,12,22.3,758,179,70.33149848,180.9628446
5,11,13,21.7,754,179,66.18794296,218.5651342
5,11,14,21.9,725,180,56.98854043,241.8904671
5,11,15,21.5,652,183,45.88385986,256.409925
5,11,16,21.2,557,172,34.13978815,267.0456669
5,11,17,19.8,468,134,22.2781924,276.067375
5,11,18,19.6,328,83,10.60406334,284.6301098
5,13,8,17.6,1,35,34.91713303,92.97209351
5,13,9,18.2,0,38,46.67214458,103.6305979
5,13,10,18,1,57,57.78190889,118.306812
5,13,11,18.3,1,72,66.93754578,142.2230638
5,13,12,18.6,0,49,70.83304282,181.007323
5,13,13,18.3,0,34,66.6111075,219.2366423
5,13,14,18,0,40,57.32119518,242.5809714
5,13,15,17.8,4,35,46.17043655,257.0008916
5,13,16,18,5,26,34.41059254,267.5543986
5,13,17,17.7,2,21,22.55197782,276.5194739
5,13,18,17.5,0,12,10.89405718,285.0437047
5,15,8,14,563,119,35.18189615,92.47886963
5,15,9,16.8,669,144,46.95170241,103.0561484
5,15,10,17.1,734,161,58.1058782,117.6344487
5,15,11,18.5,772,173,67.34924646,141.5800201
5,15,12,19.8,789,178,71.31411598,181.0240452
5,15,13,20,788,178,67.01891958,219.8829048
5,15,14,21.2,768,172,57.64326964,243.2436383
5,15,15,21.8,727,161,46.4496733,257.5657397
5,15,16,21.8,655,145,34.67576555,268.0392103
5,15,17,20.1,549,119,22.82074303,276.9491184
5,15,18,19.4,383,80,11.17879816,285.4354953
5,17,8,15.6,189,183,35.42548134,91.99817227
5,17,9,18.1,333,229,47.20875649,102.4936102
5,17,10,18.8,527,234,58.40536766,116.9686155
5,17,11,21.4,644,236,67.73547299,140.923813
5,17,12,22.7,589,268,71.77409143,181.0115182
5,17,13,22.7,477,310,67.41117693,220.5011308
5,17,14,23,473,288,57.95470926,243.8766377
5,17,15,22.6,585,207,46.72144788,258.10333
5,17,16,22.6,589,154,34.93506833,268.4993112
5,17,17,22,461,119,23.0841273,277.3557172
5,17,18,21.6,329,78,11.45780674,285.8050343
5,19,8,14.9,403,151,35.64793306,91.53127124
5,19,9,17.4,566,177,47.44338338,101.9447837
5,19,10,17.7,686,182,58.68036248,116.3119869
5,19,11,19.7,762,179,68.09582176,140.2572913
5,19,12,20.5,796,177,72.21234806,180.9684285
5,19,13,20.6,794,175,67.78767232,221.0885144
5,19,14,21.3,758,178,58.25543944,244.4781772
5,19,15,21.2,698,172,46.9856105,258.6125625
5,19,16,21.1,633,150,35.18823352,268.9339469
5,19,17,19.5,510,126,23.34174362,277.7387144
5,19,18,18.9,334,88,11.73058137,286.1519104
5,21,8,18.9,582,118,35.84935472,91.07944069
5,21,9,20.3,686,141,47.65572758,101.4114836
5,21,10,21.2,748,159,58.93093039,115.6673239
5,21,11,21.9,785,170,68.42996761,139.5836755
5,21,12,24.6,803,175,72.62827172,180.8936833
5,21,13,24.7,798,176,68.14819078,221.6422518
5,21,14,25.2,773,171,58.54536349,245.0465091
5,21,15,25.6,735,158,47.24198339,259.0923799
5,21,16,25.8,658,144,35.4349661,269.3424008
5,21,17,25.2,557,121,23.59318038,278.0975903
5,21,18,24.6,408,83,11.99660092,286.4757491
5,23,8,17.5,503,128,36.02990599,90.64394977
5,23,9,18.8,620,153,47.84599848,100.8955238
5,23,10,19.4,707,170,59.15721947,115.0374454
5,23,11,20.8,770,175,68.73766771,138.9065338
5,23,12,21.7,772,182,73.0212573,180.7864557
5,23,13,22.1,750,180,68.49250683,222.1595631
5,23,14,23.1,736,177,58.82436074,245.579938
5,23,15,24.1,707,173,47.49036061,259.5417706
5,23,16,24.3,623,162,35.67494428,269.723996
5,23,17,24,515,134,23.83800324,278.4318628
5,23,18,23.8,378,90,12.25532703,286.7762135
5,25,8,18.2,342,187,36.18979993,90.22605358
5,25,9,20.6,433,237,48.0144667,100.3987018
5,25,10,20.8,491,277,59.35945496,114.4251979
5,25,11,23.5,485,324,69.01876437,138.2297495
5,25,12,24.2,487,353,73.3907113,180.6462309
5,25,13,24.2,484,354,68.82038158,222.6377151
5,25,14,24.6,429,351,59.09228471,246.0768283
5,25,15,24.7,294,346,47.73050782,259.9597724
5,25,16,24.5,163,298,35.90782057,270.078098
5,25,17,23.6,90,219,24.07575691,278.741089
5,25,18,23.3,43,129,12.50620667,287.0530047
5,27,8,16.6,28,108,36.32929966,89.82698414
5,27,9,16.4,29,130,48.16145992,99.92278311
5,27,10,16,41,199,59.5379351,113.8334236
5,27,11,16.8,61,294,69.27318676,137.5574768
5,27,12,20.2,98,338,73.7360549,180.4728529
5,27,13,20.8,324,318,69.13155994,223.0740481
5,27,14,21.5,419,266,59.34896134,246.5356139
5,27,15,21.3,447,216,47.9621623,260.3454762
5,27,16,21.1,464,167,36.13322287,270.4041165
5,27,17,20.8,279,140,24.30596708,279.0248667
5,27,18,20.7,115,88,12.74867448,287.305863
5,29,8,18.6,54,141,36.44871497,89.44794188
5,29,9,20.9,82,216,48.28735839,99.4694871
5,29,10,20.8,66,268,59.69302619,113.26493
5,29,11,21.7,65,315,69.50095117,136.8940884
5,29,12,22.3,78,352,74.05672758,180.26657
5,29,13,22.4,89,361,69.42576777,223.4660053
5,29,14,22.7,96,339,59.59418735,246.9548072
5,29,15,22,117,317,48.18503297,260.6980308
5,29,16,22,117,269,36.35075562,270.7015083
5,29,17,20.6,63,200,24.52814231,279.2828358
5,29,18,20.5,25,116,12.98215523,287.5345682
5,31,8,19.6,15,118,36.54839864,89.09008749
5,31,9,21.4,70,182,48.39259003,99.04047277
5,31,10,21.5,140,253,59.82515672,112.7224587
5,31,11,22.3,166,325,69.7021599,136.2441137
5,31,12,22.7,240,361,74.35219128,180.0280762
5,31,13,22.8,380,324,69.70270931,223.8111647
5,31,14,23.5,498,262,59.82772876,247.3330098
5,31,15,23.5,549,233,48.3988005,261.0166475
5,31,16,23.8,485,214,36.56000097,270.9697802
5,31,17,23.1,360,179,24.74177593,279.5146801
5,31,18,22.3,189,121,13.20606625,287.7389412
6,1,8,17.9,101,171,36.54839864,89.09008749
6,1,9,18.4,148,257,48.39259003,99.04047277
6,1,10,18.4,178,321,59.82515672,112.7224587
6,1,11,18.5,189,351,69.7021599,136.2441137
6,1,12,21,282,342,74.35219128,180.0280762
6,1,13,21.1,431,276,69.70270931,223.8111647
6,1,14,20.8,541,203,59.82772876,247.3330098
6,1,15,20.8,621,175,48.3988005,261.0166475
6,1,16,20.6,598,152,36.56000097,270.9697802
6,1,17,19.5,530,126,24.74177593,279.5146801
6,1,18,20,426,87,13.20606625,287.7389412
6,3,8,16.9,32,145,36.62874267,88.75453441
6,3,9,19,56,197,48.4776253,98.63732617
6,3,10,18.2,33,217,59.93481102,112.2086565
6,3,11,18.4,11,175,69.87699858,135.6121717
6,3,12,18.1,44,151,74.62193501,179.7585463
6,3,13,18,60,179,69.9620647,224.1072741
6,3,14,19.6,99,234,60.04931954,247.6689235
6,3,15,20.6,308,227,48.60311753,261.3006048
6,3,16,21.6,467,145,36.76052002,271.2084918
6,3,17,21.8,372,121,24.94634793,279.7201293
6,3,18,22.2,253,90,13.41981965,287.9188441
6,5,8,20.8,571,117,36.69017446,88.44234194
6,5,9,23.2,672,139,48.54297194,98.26154885
6,5,10,23,734,155,60.02252225,111.7260484
6,5,11,25.2,771,164,70.02573202,135.0028989
6,5,12,25.8,786,170,74.8654799,179.4596622
6,5,13,25.8,779,172,70.20348796,224.3522878
6,5,14,26.9,726,163,60.25866046,247.961362
6,5,15,27,687,156,48.79760902,261.5492542
6,5,16,26.6,647,141,36.9518541,271.4172587
6,5,17,25.5,562,114,25.1413268,279.8989607
6,5,18,25.2,428,84,13.62282468,288.0741817
6,7,8,17.4,4,70,36.7331529,88.15450912
6,7,9,18.4,26,120,48.58916954,97.91454768
6,7,10,18.4,41,165,60.08886505,111.2770135
6,7,11,18.7,58,218,70.14869852,134.4208758
6,7,12,19.3,104,278,75.0823845,179.1336265
6,7,13,19.6,117,249,70.42660533,224.5444052
6,7,14,19.8,89,172,60.45541817,248.2092634
6,7,15,19.7,40,110,48.98187268,261.7620257
6,7,16,19.7,17,68,37.133526,271.5957558
6,7,17,19.7,35,57,25.32617144,280.0510012
6,7,18,19.9,25,43,13.81448983,288.2049021
6,9,8,19.9,109,184,36.75816454,87.89196932
6,9,9,20.7,168,246,48.61678426,97.59762621
6,9,10,20.6,251,303,60.13444805,110.8637631
6,9,11,21.8,273,339,70.24630305,133.870553
6,9,12,22.4,343,308,75.27225021,178.7831627
6,9,13,22.7,406,274,70.6310142,224.6821109
6,9,14,22.5,384,286,60.63922464,248.4117032
6,9,15,22,223,291,49.15547955,261.9384338
6,9,16,21.3,97,263,37.3050414,271.7437204
6,9,17,20.7,113,205,25.50033292,280.1761292
6,9,18,20.5,70,128,13.994225,288.310998
6,11,8,20.4,8,131,36.76571984,87.65558574
6,11,9,22,26,189,48.62640347,97.31197747
6,11,10,21.8,70,279,60.15990624,110.4883235
6,11,11,22.9,104,330,70.31900916,133.3561819
6,11,12,22.7,91,305,75.4347267,178.411498
6,11,13,22.2,93,321,70.81628277,224.7642143
6,11,14,22.6,79,279,60.80967684,248.5679077
6,11,15,22,261,206,49.31797474,262.0780832
6,11,16,22.8,461,192,37.46589022,271.8609557
6,11,17,23.5,319,162,25.66325631,280.2742762
6,11,18,24.1,140,118,14.16144348,288.3925069
6,13,8,19.2,90,106,36.75634945,87.44614764
6,13,9,19.6,51,139,48.61863066,97.05867841
6,13,10,19.3,159,191,60.16589344,110.1525212
6,13,11,20.7,297,225,70.36733016,132.8817494
6,13,12,21.3,322,243,75.56951704,178.0223274
6,13,13,21.3,385,241,70.98195047,224.7898888
6,13,14,21,531,214,60.96633694,248.6772673
6,13,15,22.3,510,193,49.46887839,262.1806754
6,13,16,22.5,489,160,37.6155481,271.9473342
6,13,17,21.7,413,116,25.81438249,280.345429
6,13,18,21.4,278,84,14.31556394,288.4495126
6,15,8,18.1,566,120,36.73060072,87.26436743
6,15,9,19.6,656,147,48.59408053,96.83868585
6,15,10,19.7,723,163,60.15307508,109.8579726
6,15,11,20.7,745,178,70.39181963,132.450921
6,15,12,22.1,720,195,75.67638232,177.6197612
6,15,13,22.2,590,239,71.12752939,224.758709
6,15,14,23.1,478,280,61.10873288,248.73935
6,15,15,23.9,557,236,49.60768681,262.2460143
6,15,16,24.2,583,181,37.75347796,272.0028008
6,15,17,24.1,482,156,25.95314994,280.3896313
6,15,18,24.2,406,103,14.4560123,288.4821455
6,17,8,19.6,141,122,36.68903432,87.11087856
6,17,9,21.5,234,178,48.55337432,96.65283384
6,17,10,21.3,188,221,60.12212121,109.6060762
6,17,11,22.1,105,255,70.39306175,132.066992
6,17,12,22,126,257,75.7551456,177.2082525
6,17,13,21.7,220,261,71.25250663,224.6706841
6,17,14,22.8,245,264,61.23635952,248.753915
6,17,15,23.1,241,244,49.73387394,262.2740125
6,17,16,23.4,233,224,37.87913171,272.0273755
6,17,17,22.5,244,171,26.07899654,280.406985
6,17,18,22.8,244,100,14.58222358,288.4905832
6,19,8,21,85,199,36.632221,86.98623418
6,19,9,23.1,293,236,48.4971355,96.50183247
6,19,10,23.5,533,227,60.07370008,109.3980095
6,19,11,25.6,609,243,70.37166155,131.7328497
6,19,12,26.2,632,233,75.80569489,176.792511
6,19,13,26.4,647,193,71.35634789,224.526287
6,19,14,27.2,672,172,61.34868038,248.7209249
6,19,15,27.8,603,165,49.846893,262.2646966
6,19,16,27.7,540,149,37.99195202,272.0211571
6,19,17,26.7,498,121,26.19136146,280.3976519
6,19,18,26.6,348,88,14.69364368,288.4750511
6,21,8,20.5,70,205,36.56073867,86.89090654
6,21,9,20.8,63,280,48.42598573,96.38626798
6,21,10,20.6,83,330,60.00847219,109.234728
6,21,11,21.6,80,368,70.32823554,131.4509454
6,21,12,21.8,77,394,75.82798508,176.3774032
6,21,13,22,71,380,71.43850202,224.3264765
6,21,14,22.8,95,364,61.44512999,248.6405577
6,21,15,23.7,232,325,49.94617859,262.2182127
6,21,16,24,291,238,38.09137432,271.9843248
6,21,17,23.6,182,149,26.28968698,280.3618547
6,21,18,23.7,155,89,14.78973119,288.4358224
6,23,8,22.5,1,93,36.47516954,86.82528702
6,23,9,23.5,1,120,48.3405412,96.30660399
6,23,10,23.5,2,181,59.92708494,109.1169674
6,23,11,24.4,3,223,70.26340285,131.2232771
6,23,12,24.6,3,243,75.82203857,175.967845
6,23,13,24.8,4,251,71.4984069,224.0727111
6,23,14,25.1,9,241,61.52511694,248.5132168
6,23,15,25.6,12,224,50.03114901,262.1348311
6,23,16,25.9,6,169,38.1768289,271.9171412
6,23,17,25.5,4,121,26.37342052,280.2998775
6,23,18,25.4,4,83,14.86995906,288.3732183
6,25,8,24.1,266,184,36.37609749,86.78968684
6,25,9,25.3,318,244,48.24140936,96.26318376
6,25,10,25.3,362,300,59.83016794,109.0452482
6,25,11,26.6,309,362,70.17777709,131.0513825
6,25,12,27,302,391,75.78794477,175.5686917
6,25,13,26.9,306,394,71.53549618,223.7669537
6,25,14,27.8,293,371,61.58802758,248.3395402
6,25,15,28.5,358,287,50.10120906,262.0149503
6,25,16,28.5,352,191,38.24774326,271.8199532
6,25,17,28.6,312,138,26.44201664,280.2120668
6,25,18,28.6,304,94,14.93381639,288.2876074
6,27,8,22.4,0,30,36.26410572,86.78433823
6,27,9,23.1,0,52,48.12918594,96.25623336
6,27,10,22.9,0,90,59.71832895,109.0198826
6,27,11,23.9,2,128,70.07195924,130.9363413
6,27,12,23.8,8,158,75.7258582,175.1846287
6,27,13,24,10,203,71.54920712,223.4116657
6,27,14,25.2,16,230,61.6332305,248.1204062
6,27,15,26.1,56,262,50.15575316,261.8590998
6,27,16,26.3,77,259,38.30354464,271.6931939
6,27,17,26.1,47,184,26.49493915,280.0988313
6,27,18,25.7,19,112,14.9808102,288.1794057
6,29,8,22.8,9,54,36.13977441,86.80939616
6,29,9,23.6,61,184,48.00445235,96.28586562
6,29,10,24,174,295,59.59215046,109.0409829
6,29,11,25.8,362,300,69.94653143,130.878786
6,29,12,26.4,345,348,75.63599552,174.8200718
6,29,13,26.2,156,395,71.53898917,223.0097882
6,29,14,26.9,113,372,61.6600817,247.8569378
6,29,15,27.2,332,287,50.19416886,261.6679429
6,29,16,27.1,481,207,38.34366279,271.5373827
6,29,17,26.2,313,182,26.53166336,279.9606415
6,29,18,26,140,131,15.01046717,288.0490753
7,1,8,22.7,191,132,36.00367867,86.86494046
7,1,9,24.4,173,182,47.8677734,96.35208455
7,1,10,24.3,175,221,59.45218688,109.1084713
7,1,11,25.1,302,256,69.80205191,130.8789193
7,1,12,26.1,386,271,75.51863154,174.4790772
7,1,13,26.1,466,231,71.50431311,222.5647122
7,1,14,26.4,587,174,61.66793039,247.5505031
7,1,15,26.2,602,160,50.21584083,261.4422768
7,1,16,26.1,544,146,38.3675329,271.3531254
7,1,17,24.5,417,125,26.5516784,279.7980294
7,1,18,24.2,214,96,15.02233547,287.8971232
7,3,8,20.3,326,128,35.85638656,86.9509782
7,3,9,21.9,446,162,47.71969531,96.4547904
7,3,10,21.9,543,174,59.29896237,109.2220907
7,3,11,23,479,214,69.63905108,130.9365377
7,3,12,23.7,371,270,75.37409437,174.1652685
7,3,13,23.7,353,299,71.44468049,222.0802361
7,3,14,24.9,314,306,61.65612544,247.2027129
7,3,15,25.1,271,288,50.22015509,261.1830328
7,3,16,25.4,339,219,38.37459882,271.1411132
7,3,17,25.4,391,144,26.55448968,279.6115864
7,3,18,25.4,304,92,15.0159866,287.7241001
7,5,8,21.8,406,137,35.69845725,87.06744646
7,5,9,24.2,565,157,47.56074399,96.59378489
7,5,10,24.2,671,165,59.1329692,109.3814163
7,5,11,26.1,702,178,69.45802862,131.0510595
7,5,12,26.5,692,185,75.20276002,173.8817808
7,5,13,26.6,682,177,71.3596331,221.5605113
7,5,14,27.7,650,172,61.62402241,246.8154138
7,5,15,28.7,605,174,50.20650377,260.8912744
7,5,16,28.7,561,153,38.36431648,270.9021214
7,5,17,28.1,394,123,26.53962145,279.4019623
7,5,18,28,218,88,14.9910173,287.5305983
7,7,8,22.8,428,139,35.53043927,87.21421518
7,7,9,24.8,510,186,47.39142353,96.76877679
7,7,10,24.6,589,207,58.95466655,109.5858673
7,7,11,26.5,673,206,69.25945162,131.2215557
7,7,12,27.1,648,203,75.00504666,173.6312237
7,7,13,26.9,644,187,71.24876216,221.009978
7,7,14,28.3,649,188,61.57099089,246.3906784
7,7,15,28.8,654,173,50.17429,260.5681933
7,7,16,29.1,667,139,38.33615744,270.6370065
7,7,17,28.2,570,119,26.50661947,279.1698626
7,7,18,27.9,362,101,14.94705149,287.3172491
7,9,8,22.4,353,121,35.35286882,87.3910902
7,9,9,22.8,488,163,47.21221497,96.9793875
7,9,10,23.1,535,203,58.76447985,109.834719
7,9,11,24.1,367,293,69.04375366,131.446783
7,9,12,25.9,262,355,74.78140876,173.4156637
7,9,13,26.2,292,342,71.11171682,220.4332924
7,9,14,26.3,311,305,61.49642232,245.9307905
7,9,15,26.8,312,259,50.12293324,260.215105
7,9,16,26.6,230,216,38.28961269,270.3467028
7,9,17,26.4,230,157,26.45505379,278.9160455
7,9,18,26.3,226,98,14.88374225,287.0847207
7,11,8,20.9,0,38,35.16626817,87.5978164
7,11,9,20.8,0,49,47.02357515,97.22515669
7,11,10,20.7,0,43,58.56280045,110.1271146
7,11,11,20.8,0,36,68.81133473,131.7252183
7,11,12,20.8,0,41,74.53233134,173.2366228
7,11,13,20.7,0,50,70.94821189,219.8352485
7,11,14,22,0,41,61.39973782,245.4382262
7,11,15,22,76,124,50.05187468,259.8334416
7,11,16,21.6,127,217,38.22419656,270.0322185
7,11,17,23.1,55,173,26.38452157,278.6413187
7,11,18,23.4,5,94,14.80077386,286.8337147
7,13,8,23.1,389,132,34.97114405,87.83408076
7,13,9,25.1,516,162,46.82593577,97.50554779
7,13,10,24.8,616,177,58.34998564,110.462077
7,13,11,26,678,182,68.56256182,132.0550923
7,13,12,27.2,682,186,74.25832447,173.095094
7,13,13,27,608,197,70.75803423,219.2206954
7,13,14,27.3,520,193,61.28039609,244.9156318
7,13,15,28,553,175,49.96058287,259.424743
7,13,16,28,562,158,38.13945073,269.6946303
7,13,17,27.5,473,124,26.29465005,278.3465352
7,13,18,27.2,369,82,14.69786386,286.5649627
7,15,8,23.4,6,113,34.76798612,88.09951552
7,15,9,24.3,4,133,46.61970255,97.81995344
7,15,10,24.3,4,137,58.12635893,110.8385198
7,15,11,24.9,3,122,68.29777021,132.4344231
7,15,12,24.8,1,113,73.95991824,172.9915686
7,15,13,24.6,1,125,70.54104801,218.5944562
7,15,14,24.6,2,136,61.13790117,244.3657973
7,15,15,24.4,8,161,49.84855936,258.9906473
7,15,16,24.7,11,152,38.03494828,269.3350773
7,15,17,23.8,6,108,26.18509946,278.0325888
7,15,18,24,6,72,14.57476511,286.2792229
7,17,8,24.3,21,105,34.55726541,88.39370113
7,17,9,25.9,23,129,46.40525449,98.16770056
7,17,10,25.3,22,156,57.8922106,111.255258
7,17,11,26.1,41,204,68.01726516,132.8610489
7,17,12,26.7,47,237,73.63765825,172.9260738
7,17,13,26.5,56,257,70.29719828,217.9612476
7,17,14,26.9,87,271,60.97180982,243.7916272
7,17,15,27.5,168,267,49.71534433,258.5328784
7,17,16,26.7,153,201,37.91029782,268.9547542
7,17,17,26.8,117,142,26.05556598,277.7004093
7,17,18,26.9,106,99,14.43126788,285.9772757
7,19,8,27.2,151,137,34.33943279,88.71616916
7,19,9,28.7,228,213,46.1829432,98.54805527
7,19,10,28.9,312,275,57.64779844,111.7110179
7,19,11,29.1,398,297,67.72132399,133.3326581
7,19,12,29.6,455,290,73.29210159,172.8982169
7,19,13,29.4,466,278,70.02651315,217.3256068
7,19,14,29.5,424,278,60.78173835,243.1961081
7,19,15,29.6,324,295,49.56052203,258.053233
7,19,16,29.5,204,277,37.76514748,268.5549034
7,19,17,29.3,119,208,25.90578472,277.3509567
7,19,18,29.1,96,127,14.26720194,285.6599193
7,21,8,23.6,3,64,34.11491745,89.06640507
7,21,9,23.8,2,102,45.95309233,98.96022742
7,21,10,23.3,26,134,57.39334857,112.2044469
7,21,11,24.3,29,138,67.41019851,133.8468184
7,21,12,23.6,57,194,72.92381354,172.9072339
7,21,13,24.4,181,284,69.72910435,216.6918245
7,21,14,26.2,236,287,60.56736892,242.5822755
7,21,15,27,209,268,49.38372611,257.5535657
7,21,16,27.5,258,215,37.59918888,268.1368071
7,21,17,27,280,145,25.73553256,276.9852157
7,21,18,27.8,212,98,14.08243852,285.3279652
7,23,8,26.6,105,152,33.88412538,89.4438508
7,23,9,28,245,204,45.71599704,99.4033748
7,23,10,28,518,200,57.12905654,112.7341216
7,23,11,29.2,668,186,67.08411755,134.4010026
7,23,12,29.7,688,196,72.53336479,172.95204
7,23,13,29.6,679,200,69.40516633,216.0638893
7,23,14,30.2,534,220,60.32845489,241.9531781
7,23,15,30,376,245,49.18464455,257.0357737
7,23,16,30,325,227,37.41216094,267.7017777
7,23,17,29.8,246,182,25.54463096,276.604189
7,23,18,29.7,145,118,13.87689234,284.9822334
7,25,8,24.2,0,21,33.64743788,89.8479071
7,25,9,24.5,0,20,45.47192351,99.87660699
7,25,10,24.1,0,20,56.85508837,113.298556
7,25,11,24.7,0,29,66.74328967,134.9926139
7,25,12,25.5,0,52,72.1213292,173.0312791
7,25,13,25.3,18,100,69.05497412,215.4454416
7,25,14,25.8,28,89,60.06482538,241.3118433
7,25,15,25.4,196,104,48.9630242,256.50178
7,25,16,25.9,357,156,37.20385337,267.2511487
7,25,17,26.3,288,120,25.33294859,276.2088912
7,25,18,26.3,217,74,13.65052341,284.6235473
7,27,8,20.8,11,72,33.4052101,90.27793578
7,27,9,21.3,6,85,45.22110861,100.3789888
7,27,10,21.2,2,80,56.57158184,113.8962085
7,27,11,21.1,0,71,66.38790592,135.6190065
7,27,12,20.7,0,58,71.68828218,173.1433721
7,27,13,20.9,0,51,68.67887992,214.8397396
7,27,14,20.8,0,52,59.77638877,240.6612427
7,27,15,20.7,0,48,48.7186749,255.9535165
7,27,16,20.5,0,39,36.97411007,266.7862651
7,27,17,20.5,1,32,25.10040384,275.800342
7,27,18,20,1,25,13.40333886,284.2527287
7,29,8,23.5,1,22,33.15776967,90.73326164
7,29,9,23.4,0,31,44.96375952,100.9095435
7,29,10,23,1,36,56.27864772,114.5254888
7,29,11,23,1,35,66.0181426,136.277506
7,29,12,23.1,4,51,71.23479942,173.2865618
7,29,13,23.3,17,101,68.27730889,214.2496375
7,29,14,24,83,126,59.46313517,240.0042592
7,29,15,25.2,291,147,48.45147297,255.3929071
7,29,16,25.6,428,161,36.72283205,266.3084727
7,29,17,25.5,394,130,24.84696708,275.3795594
7,29,18,25.4,277,83,13.13539453,283.8705927
7,31,8,26.7,356,123,32.9054153,91.21317425
7,31,9,29,468,162,44.70005357,101.4672554
7,31,10,29.4,560,189,55.97637125,115.1847636
7,31,11,30.8,625,198,65.63416395,136.9654264
7,31,12,31.9,631,209,70.76145612,173.4589537
7,31,13,32.2,592,214,67.8507541,213.6775735
7,31,14,32.5,547,207,59.12513786,239.3436563
7,31,15,32.4,484,184,48.16136417,254.8218501
7,31,16,32.5,466,148,36.44998011,265.8191088
7,31,17,31.2,454,117,24.57266273,274.9475529
7,31,18,30.3,279,77,12.84679644,283.4779427
8,1,8,28,468,109,32.64841561,91.71692953
8,1,9,29.7,615,131,44.4301381,102.0510721
8,1,10,29.7,688,151,55.66481355,115.8723615
8,1,11,31,724,163,65.2361249,137.6800855
8,1,12,31.6,731,169,70.26882654,173.6585532
8,1,13,31.8,691,173,67.39977111,213.1255694
8,1,14,32.5,613,175,58.76255366,238.6820511
8,1,15,32.6,590,163,47.84836596,254.242202
8,1,16,32.6,571,146,36.15557701,265.3194917
8,1,17,32.5,470,124,24.27757098,274.5053167
8,1,18,32.7,323,84,12.53770206,283.0755649
8,3,8,25.7,88,119,32.38700796,92.24375106
8,3,9,27.3,148,172,44.15413052,102.659907
8,3,10,27.3,276,209,55.34401326,116.5865785
8,3,11,29.1,442,217,64.82417362,138.4188176
8,3,12,30,513,214,69.75748386,173.8832972
8,3,13,30.4,506,196,66.92497214,212.5952382
8,3,14,30.6,482,188,58.37562232,238.0218904
8,3,15,30.1,436,179,47.51256916,253.6557619
8,3,16,28.9,281,135,35.83970931,264.8109113
8,3,17,28.5,133,102,23.96182933,274.0538234
8,3,18,27.7,87,69,12.20832144,282.6642244
8,5,8,27.1,304,116,32.12139753,92.79283125
8,5,9,28.3,411,153,43.87211845,103.2926408
8,5,10,28.1,433,191,55.01398823,117.3256817
8,5,11,28.5,472,225,64.39845413,139.1789855
8,5,12,29.3,520,233,69.22800033,174.1310821
8,5,13,29,523,213,66.42702033,212.0877998
8,5,14,29.5,517,207,57.96466498,237.3654306
8,5,15,29.5,525,195,47.15413881,253.0642562
8,5,16,29.3,483,167,35.50252868,264.2946195
8,5,17,28.8,404,135,23.62563372,273.5940175
8,5,18,28.7,294,90,11.85891799,282.2446595
8,7,8,27,217,120,31.85175653,93.36333239
8,7,9,28.2,267,174,43.58416013,103.9481228
8,7,10,27.9,353,212,54.67473731,118.0879134
8,7,11,28.4,440,235,63.95910869,139.95799
8,7,12,29.1,464,258,68.68094757,174.3997878
8,7,13,28.9,500,241,65.90662391,211.604102
8,7,14,29.3,539,212,57.53008183,236.7147223
8,7,15,29.1,522,197,46.77331449,252.4693259
8,7,16,29,505,159,35.14425276,263.771822
8,7,17,28.8,474,118,23.26923939,273.1268096
8,7,18,28.5,374,78,11.48980917,281.8175783
8,9,8,25.9,195,139,31.57822364,93.95438747
8,9,9,27.9,373,181,43.29028499,104.6251728
8,9,10,28.1,463,210,54.32624237,118.8714948
8,9,11,29.4,506,225,63.50628024,140.753278
8,9,12,30.1,502,240,68.11689711,174.6872969
8,9,13,30.2,465,250,65.3645307,211.1446472
8,9,14,31.1,437,251,57.07234902,236.0715992
8,9,15,31.4,400,248,46.3704099,251.8725143
8,9,16,31.4,391,205,34.76516561,263.2436698
8,9,17,30.7,376,140,22.89296133,272.6530708
8,9,18,30.6,297,84,11.10136685,281.3836541
8,11,8,27.2,282,135,31.30090367,94.56510091
8,11,9,29.4,421,178,42.99049443,105.3225818
8,11,10,29.5,548,201,53.96847033,119.674629
8,11,11,31,628,205,63.04011471,141.5623497
8,11,12,31.7,676,198,67.53642109,174.9915112
8,11,13,31.6,670,205,64.80152289,210.709621
8,11,14,32.3,640,205,56.59201502,235.4376709
8,11,15,32.3,605,192,45.94581186,251.2752573
8,11,16,32.3,552,167,34.36561756,262.7112526
8,11,17,31.9,468,127,22.49717447,272.1736277
8,11,18,31.6,323,81,10.69401738,280.9435217
8,13,8,26,86,124,31.01986749,95.19454918
8,13,9,27.6,198,174,42.68476291,106.0391131
8,13,10,28.1,320,232,53.60137546,120.4955048
8,13,11,29.4,340,296,62.56076325,142.3827641
8,13,12,30.5,344,333,66.94009298,175.3103646
8,13,13,30.7,462,283,64.21841229,210.2989233
8,13,14,31.4,625,199,56.08969649,234.8143202
8,13,15,31.6,646,163,45.49997869,250.6788749
8,13,16,31.6,596,139,33.94602472,262.1755916
8,13,17,31,500,111,22.08231342,271.6892581
8,13,18,30.6,348,74,10.26824151,280.4977748
8,15,8,25.6,83,86,30.73515233,95.84178139
8,15,9,25.9,85,121,42.37303925,106.7735033
8,15,10,25.5,94,157,53.22490181,121.332299
8,15,11,26.2,175,237,62.06838447,143.2121443
8,15,12,26.6,222,288,66.32848852,175.6418339
8,15,13,27.3,220,294,63.6160359,209.9122005
8,15,14,27.3,232,250,55.56607379,234.2027043
8,15,15,27.1,326,212,45.03343816,250.0845651
8,15,16,27.4,271,198,33.50686802,261.6376355
8,15,17,26.3,87,141,21.64887197,271.2006873
8,15,18,27.2,29,62,9.824573979,280.0469628
8,17,8,22.8,376,122,30.44676229,96.50581984
8,17,9,24,419,170,42.05524828,107.5244636
8,17,10,24,462,229,52.83898576,122.1831804
8,17,11,25.2,468,268,61.56314655,144.0481811
8,17,12,26,565,243,65.70218667,175.9839466
8,17,13,25.9,669,214,62.99525209,209.5488765
8,17,14,26.4,710,190,55.0218863,233.6037588
8,17,15,26.8,708,160,44.54678486,249.4933993
8,17,16,27.1,651,137,33.04869177,261.0982549
8,17,17,27,552,109,21.1974022,270.7085848
8,17,18,27.1,391,71,9.363602794,279.5915886
8,19,8,26.6,276,111,30.15466925,97.18566045
8,19,9,28.9,433,148,41.7312927,108.2906801
8,19,10,29,606,159,52.4435588,123.0463119
8,19,11,30.1,698,168,61.04522935,144.8886363
8,19,12,31.4,733,169,65.0617706,176.3347877
8,19,13,31.7,754,161,62.35693723,209.208184
8,19,14,32.4,736,154,54.45792764,233.0182056
8,19,15,33,697,143,44.04067728,248.9063204
8,19,16,33.2,635,127,32.57210197,260.5582404
8,19,17,33,525,104,20.72851324,270.2135619
8,19,18,32.9,359,67,8.885968367,279.1321073
8,21,8,27,474,98,29.85881411,97.88027343
8,21,9,28.5,572,130,41.40105537,109.0708157
8,21,10,28.7,607,160,52.0385504,123.9198548
8,21,11,29.5,602,185,60.51482647,145.731346
8,21,12,29.9,605,200,64.40782879,176.6925039
8,21,13,30.4,474,235,61.7019827,208.8891939
8,21,14,30.6,209,233,53.87504078,232.4465623
8,21,15,29.6,56,146,43.51583453,248.3241415
8,21,16,29.2,127,141,32.07776409,260.0182996
8,21,17,29,155,158,20.24286979,269.7161704
8,21,18,29,58,84,8.392362317,278.6689246
8,23,8,24.6,455,101,29.55910843,98.58860377
8,23,9,25.9,585,132,41.06440176,109.8635106
8,23,10,25.9,632,152,51.62389111,124.8019712
8,23,11,27.2,543,202,59.9721472,146.574222
8,23,12,27.5,442,256,63.7409561,177.0553075
8,23,13,27.2,397,291,61.0312925,208.5908427
8,23,14,27.6,390,280,53.27411336,231.8891549
8,23,15,27.3,520,196,42.97303276,247.7475477
8,23,16,27.2,599,136,31.56640075,259.4790569
8,23,17,26.5,476,106,19.74119032,269.2169012
8,23,18,26.3,305,66,7.883526066,278.2023965
8,25,8,22.6,0,15,29.25543637,99.30957202
8,25,9,22.4,0,20,40.72118282,110.6673845
8,25,10,21.9,0,33,51.19951566,125.6908282
8,25,11,21.3,7,62,59.41741853,147.4152543
8,25,12,21.6,24,94,63.06175483,177.4214789
8,25,13,22.4,33,112,60.34578112,208.3119586
8,25,14,23.6,51,147,52.65607296,231.3461308
8,25,15,24.3,66,143,42.41310147,247.1770984
8,25,16,24,32,91,31.03878893,258.9410529
8,25,17,24.1,6,57,19.22424502,268.7161845
8,25,18,24.2,5,26,7.360249194,277.7328296
8,27,8,23.5,248,87,28.94765708,100.0420751
8,27,9,25.5,362,115,40.37123807,111.4810373
8,27,10,26.2,371,136,50.76536631,126.5846015
8,27,11,27.3,370,168,58.85088695,148.2525125
8,27,12,28,284,239,62.37083585,177.7893682
8,27,13,27.8,129,273,59.64637192,208.0512847
8,27,14,28.3,62,230,52.02188275,230.817474
8,27,15,28.1,76,232,41.83691961,246.6132318
8,27,16,28.3,150,231,30.49575709,258.4047461
8,27,17,27.9,145,159,18.6928535,268.21439
8,27,18,27.9,70,81,6.823367588,277.2604813
8,29,8,24.7,21,72,28.63560735,100.7849871
8,29,9,25.1,58,108,40.01439898,112.303052
8,29,10,25.3,78,147,50.3213962,127.4814791
8,29,11,26.5,168,188,58.27282032,149.0841471
8,29,12,26.6,208,199,61.66881965,178.1573963
8,29,13,25.7,164,189,58.93399571,207.8075007
8,29,14,25.5,103,156,51.3725372,230.3030206
8,29,15,25.5,56,120,41.24541163,246.0562702
8,29,16,25.1,68,100,29.93818203,257.8705144
8,29,17,24.5,34,59,18.14788229,267.7118285
8,29,18,24.9,6,20,6.273761381,276.785561
8,31,8,24.1,78,71,28.31910471,101.5371607
8,31,9,25.3,55,114,39.65049257,113.1319962
8,31,10,24.8,95,166,49.8675727,128.3796659
8,31,11,25.3,295,209,57.68350958,149.9083907
8,31,12,26.2,397,209,60.95633738,178.5240558
8,31,13,26.1,476,202,58.20958976,207.5792419
8,31,14,26.4,578,192,50.70905816,229.8024746
8,31,15,27,528,168,40.63954352,245.5064264
8,31,16,26.9,371,152,29.3669856,257.3386585
8,31,17,26.7,284,118,17.59024212,267.2087534
8,31,18,26.5,225,58,5.712352706,276.3082321
9,1,8,22.3,15,70,28.31910471,101.5371607
9,1,9,23.6,11,87,39.65049257,113.1319962
9,1,10,23.2,25,135,49.8675727,128.3796659
9,1,11,23.5,52,203,57.68350958,149.9083907
9,1,12,23.5,62,270,60.95633738,178.5240558
9,1,13,23.4,173,319,58.20958976,207.5792419
9,1,14,23.6,354,285,50.70905816,229.8024746
9,1,15,23.6,266,221,40.63954352,245.5064264
9,1,16,23.9,122,175,29.3669856,257.3386585
9,1,17,22.4,136,118,17.59024212,267.2087534
9,1,18,23,126,57,5.712352706,276.3082321
9,3,8,18.8,511,89,27.99795076,102.2974284
9,3,9,20.7,634,120,39.27934529,113.9664248
9,3,10,20.6,702,142,49.40388091,129.2773877
9,3,11,22.4,735,159,57.08327036,150.7235587
9,3,12,23.3,610,208,60.23403182,178.8879113
9,3,13,23.5,298,239,57.47409691,207.3651167
9,3,14,23.7,134,258,50.03249113,229.3154239
9,3,15,24.6,283,214,40.0203188,244.9638117
9,3,16,25.1,419,124,28.78313131,256.8094054
9,3,17,25.2,380,85,17.0208851,266.7053638
9,3,18,25.3,259,42,5.140103272,275.8286144
9,5,8,20.2,90,115,27.67193486,103.0646037
9,5,9,22.5,248,194,38.90078696,114.8048831
9,5,10,22.8,438,217,48.93032702,130.1728959
9,5,11,25,550,204,56.47244452,151.5280503
9,5,12,25.5,585,210,59.50255832,179.2475994
9,5,13,25.6,614,202,56.72846499,207.1637215
9,5,14,26.6,637,177,49.34390183,228.8413565
9,5,15,26.5,625,144,39.38877466,244.4284433
9,5,16,26.7,575,114,28.18762084,256.2829127
9,5,17,26.4,484,88,16.44080165,266.2018069
9,5,18,26.3,305,48,4.558011779,275.3467861
9,7,8,21.5,379,107,27.34083808,103.8374836
9,7,9,23.5,535,137,38.514655,115.6459093
9,7,10,24,645,155,48.44694166,131.0644723
9,7,11,26,715,159,55.85140154,152.3203493
9,7,12,26.5,764,148,58.76258565,179.6018289
9,7,13,26.5,749,153,55.97364633,206.9736544
9,7,14,27.3,735,145,48.64437303,228.3796756
9,7,15,28.3,675,130,38.74597804,243.9002536
9,7,16,28.4,592,115,27.58149047,255.7592738
9,7,17,28,475,84,15.85101743,265.6981824
9,7,18,27.9,303,42,3.96711119,274.8627881
9,9,8,20.5,105,101,27.00443734,104.6148498
9,9,9,22.9,148,166,38.1207986,116.4880388
9,9,10,22.8,127,205,47.95378312,131.9504338
9,9,11,23.4,120,240,55.22053978,153.0990242
9,9,12,23.7,65,229,58.01479676,179.9493805
9,9,13,23.2,37,154,55.21059745,206.793527
9,9,14,23.1,37,121,47.93500168,227.9297144
9,9,15,23.4,24,107,38.09302196,243.3790993
9,9,16,23.4,8,67,26.96580752,255.2385235
9,9,17,22.9,17,42,15.25259007,265.1945458
9,9,18,23.1,17,19,3.368465859,274.3766268
9,11,8,21.8,8,88,26.66250981,105.3954719
9,11,9,23.3,35,151,37.71908304,117.3298072
9,11,10,23.2,129,189,47.45094051,132.8291372
9,11,11,24.3,317,205,54.58028761,153.8627288
9,11,12,24.9,442,237,57.25988949,180.2891064
9,11,13,24.9,364,239,54.44027875,206.6219742
9,11,14,25.2,316,231,47.21689617,227.4907509
9,11,15,24.9,243,230,37.43102182,242.8647701
9,11,16,24.6,171,184,26.34166672,254.7206438
9,11,17,23.9,159,106,14.64660585,264.6909138
9,11,18,23.9,56,40,2.763168542,273.8882789
9,13,8,21.9,387,106,26.31483738,106.1781089
9,13,9,24.1,379,183,37.30939396,118.169755
9,13,10,24.1,469,217,46.9385366,133.6989844
9,13,11,25.9,651,191,53.93110433,154.6102025
9,13,12,26.5,717,172,56.49857706,180.6199305
9,13,13,26.9,685,164,53.66365437,206.4576638
9,13,14,27.1,638,163,46.49117395,227.0620205
9,13,15,26.8,512,167,36.76111192,242.3569989
9,13,16,26.8,308,142,25.71018667,254.2055703
9,13,17,25.9,265,89,14.03417631,264.1872685
9,13,18,25.5,154,36,2.152337293,273.3976953
9,15,8,18.3,0,19,25.96121126,106.9615128
9,15,9,19.6,0,44,36.89164157,119.0064314
9,15,10,19.4,0,73,46.41673062,134.5584265
9,15,11,20.2,5,100,53.27348097,155.3402705
9,15,12,20.6,6,109,55.73158863,180.9408476
9,15,13,20.6,41,115,52.88169197,206.2993033
9,15,14,21.9,41,111,45.75895925,226.6427292
9,15,15,21.9,5,107,36.08444208,241.8554709
9,15,16,22,14,101,25.07250622,253.6931986
9,15,17,21.7,23,65,13.41643486,263.6835631
9,15,18,21.7,13,25,1.537112253,272.9048064
9,17,8,19.4,0,23,25.60143664,107.744431
9,17,9,19.4,0,33,36.46576474,119.838399
9,17,10,19.3,0,40,45.88572063,135.4059691
9,17,11,19.4,1,73,52.60794087,156.0518432
9,17,12,19.9,1,80,54.95966954,181.2509231
9,17,13,19.9,0,54,52.0953626,206.1456469
9,17,14,20.9,1,59,45.02138101,226.2320649
9,17,15,21.9,1,74,35.40217439,241.3598325
9,17,16,22.4,0,51,24.42978096,253.1833915
9,17,17,22.5,38,28,12.79453322,263.1797272
9,17,18,22.4,38,20,0.918652349,272.4095268
9,19,8,19.3,92,85,25.23533731,108.52561
9,19,9,21.2,196,138,36.031735,120.6642385
9,19,10,21,400,166,45.3457458,136.2401767
9,19,11,22.2,640,162,51.93504009,156.7439165
9,19,12,22.9,768,154,54.18358159,181.5492928
9,19,13,22.7,824,138,51.30564045,205.9955012
9,19,14,22.7,834,125,44.27957099,225.8292081
9,19,15,21.8,784,115,34.71548009,240.8697009
9,19,16,21.8,698,100,23.78317974,252.6759849
9,19,17,20.7,546,74,12.16963794,262.675672
9,19,18,20,224,33,0.298131902,271.9117609
9,21,8,17.2,87,103,24.86276017,109.3037983
9,21,9,18.4,94,180,35.58956018,121.4825533
9,21,10,18,90,262,44.79708823,137.0596765
9,21,11,21,113,326,51.25536761,157.4155711
9,21,12,21.8,130,339,53.40410307,181.8351621
9,21,13,21.8,110,312,50.51350272,205.8477292
9,21,14,22.4,63,276,43.53466196,225.4333421
9,21,15,22.2,97,242,34.02553658,240.3846727
9,21,16,22.2,114,182,23.13388118,252.1707957
9,21,17,21.6,134,99,11.54292692,262.1712969
9,21,18,21.6,91,38,-0.323262838,271.411408
9,23,8,17.4,405,92,24.48357972,110.0777505
9,23,9,20.6,580,120,35.13928794,122.2919746
9,23,10,20.3,717,127,44.24007455,137.8631626
9,23,11,23.1,780,132,50.56954532,158.0659722
9,23,12,23.1,803,135,52.62202871,182.1078059
9,23,13,23.1,796,136,49.71992926,205.7012548
9,23,14,24.3,758,136,42.78778605,225.0436617
9,23,15,24.7,708,126,33.33352455,239.9043321
9,23,16,24.7,637,102,22.48307038,251.6676276
9,23,17,23.4,449,74,10.91558576,261.6664945
9,23,18,23,155,33,-0.944337235,270.9083685
9,25,8,16.4,178,127,24.0977023,110.8462304
9,25,9,17.8,245,208,34.68100889,123.0911657
9,25,10,17.9,349,263,43.67507709,138.6493996
9,25,11,19.3,507,266,49.87822787,158.6943682
9,25,12,20,676,218,51.83816955,182.3665675
9,25,13,20.2,808,156,48.92590231,205.5550657
9,25,14,21.1,848,122,42.04007316,224.6593811
9,25,15,21.2,796,111,32.64062524,239.428259
9,25,16,21.4,692,96,21.83193551,251.1662783
9,25,17,20.1,498,70,10.28880433,261.1611568
9,25,18,19.5,184,30,-1.563891867,270.402549
9,27,8,16.3,0,24,23.70507007,111.6080152
9,27,9,17,1,38,34.21485944,123.8788273
9,27,10,16.6,1,34,43.10251482,139.4172256
9,27,11,16.8,0,41,49.18210224,159.30009
9,27,12,16.7,3,91,51.05335252,182.6108584
9,27,13,17.2,103,154,48.13240607,205.4082158
9,27,14,18.7,101,126,41.29264948,224.2797415
9,27,15,17.5,9,78,31.94801778,238.9560367
9,27,16,16.8,10,61,21.18166461,250.6665458
9,27,17,16.1,42,42,9.66377315,260.6551809
9,27,18,15.8,41,21,-2.180726186,269.8938683
9,29,8,12.9,510,74,23.30566479,112.3618991
9,29,9,18.4,673,100,33.74102419,124.6537014
9,29,10,18.5,765,115,42.52285382,140.1655549
9,29,11,20.4,815,124,48.48188718,159.8825497
9,29,12,20.6,783,139,50.26842008,182.8401572
9,29,13,20.5,721,155,47.34042623,205.2598274
9,29,14,21.6,673,154,40.54663604,223.9040174
9,29,15,21.3,579,144,31.2568767,238.4872586
9,29,16,21.2,503,118,20.53344239,250.1682343
9,29,17,19.9,391,71,9.0416799,260.1484746
9,29,18,19.6,148,24,-2.793642226,269.3822632
10,1,8,14.9,510,72,22.6939241,113.4753256
10,1,9,18.3,672,99,33.01638831,125.7893985
10,1,10,18.1,749,120,41.64118798,141.2493108
10,1,11,20.7,782,136,47.42554511,160.7115327
10,1,12,21,761,159,49.09268434,183.1550181
10,1,13,21.3,719,175,46.15745817,205.0326127
10,1,14,22.2,657,176,39.43269583,223.3462828
10,1,15,22.5,471,180,30.22546572,237.7897031
10,1,16,22.7,340,150,19.56752529,249.4230355
10,1,17,22.4,250,87,8.116630234,259.3868853
10,1,18,21.1,79,28,-3.703065445,268.6092929
10,3,8,12.8,116,96,22.27779599,114.2043285
10,3,9,16.8,163,171,32.52447976,126.5271118
10,3,10,17.1,207,241,41.04612878,141.9446668
10,3,11,19.4,330,257,46.71845176,161.2337846
10,3,12,20.5,598,206,48.31124504,183.3449895
10,3,13,20.9,777,150,45.3735865,204.8769994
10,3,14,22.4,774,133,38.69506608,222.9774409
10,3,15,22.4,696,124,29.54307677,237.3278824
10,3,16,22.6,578,103,18.92955816,248.927516
10,3,17,21.2,416,63,7.507027755,258.8780692
10,3,18,20,156,21,-4.300995447,268.0902671
10,5,8,14.9,111,106,21.85518859,114.9213993
10,5,9,18.3,207,186,32.02593656,127.2480225
10,5,10,18.8,297,215,40.4459721,142.6173532
10,5,11,20.8,444,217,46.01002171,161.7313336
10,5,12,21.9,581,218,47.53275122,183.5186606
10,5,13,22.2,642,188,44.59468442,204.7173315
10,5,14,23.5,647,151,37.96270968,222.6103129
10,5,15,23.6,629,120,28.86619399,236.8682538
10,5,16,23.7,544,95,18.29771577,248.4328664
10,5,17,22.7,341,62,6.904447464,258.3683617
10,5,18,22.6,108,21,-4.890888832,267.5683151
10,7,8,14.3,492,69,21.42629839,115.6254553
10,7,9,16.5,669,97,31.52117904,127.9511087
10,7,10,16.5,763,112,39.84139282,143.2666467
10,7,11,18,750,140,45.30110432,162.2039366
10,7,12,18.9,515,199,46.75810598,183.6758007
10,7,13,19,276,255,43.8217365,204.5530511
10,7,14,19.6,289,225,37.23670763,222.2443831
10,7,15,19.4,339,158,28.19594207,236.4105307
10,7,16,19.5,410,112,17.67313048,247.938989
10,7,17,18.7,404,59,6.310021468,257.8577835
10,7,18,18,157,17,-5.471605811,267.0435205
10,9,8,13.2,356,85,20.99137517,116.3154504
10,9,9,16.9,441,143,31.01068135,128.6354101
10,9,10,17.3,435,194,39.23310945,143.8919059
10,9,11,19.6,450,231,44.59257423,162.6514211
10,9,12,19.6,388,264,45.98822317,183.8162402
10,9,13,19.5,420,250,43.05572486,204.3836718
10,9,14,20.6,516,198,36.51812845,221.8791917
10,9,15,20.5,435,157,27.53342871,235.9544656
10,9,16,20.6,327,118,17.05691518,247.4458202
10,9,17,20,244,64,5.724860316,257.3463928
10,9,18,18.8,99,16,-6.042029876,266.5160126
10,11,8,12.4,17,86,20.55072305,116.9903785
10,11,9,15.2,48,163,30.49497108,129.3000293
10,11,10,16.2,145,231,38.6218825,144.4925706
10,11,11,19.2,315,269,43.8853297,163.0736828
10,11,12,20,557,225,45.22402618,183.9398691
10,11,13,20.3,711,163,42.29762821,204.2087775
10,11,14,21.8,721,137,35.8080269,221.5143375
10,11,15,22,684,111,26.87974265,235.4998545
10,11,16,22,579,87,16.45016073,246.9533352
10,11,17,20.8,398,50,5.150049815,256.8342891
10,11,18,19.6,0,13,-6.601071499,265.9859709
10,13,8,11.4,100,92,20.10470102,117.6492759
10,13,9,13.4,196,160,29.97462833,129.9441345
10,13,10,13.6,180,215,38.0085125,145.0681604
10,13,11,14.4,237,245,43.18029072,163.4706831
10,13,12,14.8,401,256,44.46644664,184.0466353
10,13,13,15,590,206,41.54842082,204.0280226
10,13,14,15,750,134,35.10744278,221.1494785
10,13,15,13.1,730,106,26.23595175,235.0465395
10,13,16,13.1,602,87,15.85393333,246.4615509
10,13,17,12,393,51,4.586647938,256.3216168
10,13,18,11.6,0,13,-7.147671757,265.4536282
10,15,8,11.8,462,65,19.65372288,118.2912238
10,15,9,15.3,637,94,29.45028436,130.56696
10,15,10,17.2,685,122,37.39383777,145.6182731
10,15,11,18.8,474,173,42.47839709,163.8424461
10,15,12,18.1,323,185,43.716423,184.1365431
10,15,13,17.7,351,167,40.80907146,203.8411297
10,15,14,17.9,342,149,34.41739959,220.7843338
10,15,15,17.3,337,126,25.60310119,234.5944113
10,15,16,17.6,324,90,15.26927216,245.9705287
10,15,17,17.1,270,40,4.035681851,255.8085678
10,15,18,17.3,0,10,-7.680805869,264.9192739
10,17,8,13.2,150,97,19.19825688,118.9153503
10,17,9,16.7,430,128,28.92261991,131.167807
10,17,10,17.1,658,134,36.77873198,146.142583
10,17,11,20,636,180,41.78060638,164.1890553
10,17,12,20.1,546,226,42.97489905,184.2096505
10,17,13,20.1,525,223,40.08054226,203.6478888
10,17,14,20.8,495,172,33.73890341,220.4186836
10,17,15,20,333,157,24.98221173,234.1434114
10,17,16,20,131,141,14.69718707,245.4803766
10,17,17,18.2,32,62,3.498145076,255.295384
10,17,18,17.4,0,10,-8.1994866,264.3832565
10,19,8,10.8,492,59,18.73882467,119.5208322
10,19,9,15.1,673,88,28.39236304,131.7460439
10,19,10,14.9,767,106,36.16410146,146.6408379
10,19,11,17.7,812,117,41.08789169,164.5106513
10,19,12,18,832,121,42.24282239,184.2660679
10,19,13,18.3,827,119,39.36378754,203.4481554
10,19,14,19.8,796,113,33.0729416,220.0523696
10,19,15,19.9,726,100,24.37427807,233.6935329
10,19,16,20,596,79,14.13865643,244.9912514
10,19,17,18.2,400,42,2.974994799,254.7823586
10,19,18,18,0,9,-8.702767533,263.8459854
10,21,8,11.9,65,95,18.27599996,120.1068962
10,21,9,13.9,75,168,27.86028666,132.3011061
10,21,10,13.9,81,207,35.55088237,147.1128566
10,21,11,15.5,94,245,40.40123945,164.8074275
10,21,12,15.9,71,247,41.52114272,184.3059554
10,21,13,15.7,19,170,38.65975257,203.2418487
10,21,14,16.1,14,129,32.42048168,219.6852945
10,21,15,16.6,14,107,23.78026731,233.244822
10,21,16,16.4,2,57,13.59462505,244.5033597
10,21,17,16,1,24,2.46714935,254.2698381
10,21,18,15.9,0,4,-9.189746149,263.307932
10,23,8,10,421,59,17.81040657,120.6728198
10,23,9,14.2,566,94,27.32720573,132.8324949
10,23,10,14.4,664,114,34.94003765,147.5585257
10,23,11,16.8,746,129,39.72164704,165.0796278
10,23,12,17.5,796,134,40.81081026,184.3295204
10,23,13,17.5,754,145,37.96937233,203.028949
10,23,14,18.9,681,149,31.78247013,219.3174214
10,23,15,18.9,669,114,23.2011175,232.7973781
10,23,16,19.1,581,77,13.06600236,244.0169587
10,23,17,17.2,246,39,1.975485867,253.7582224
10,23,18,18,0,8,-9.65956671,262.7696305
10,25,8,13.9,117,46,17.34271624,121.2179319
10,25,9,15.1,255,90,26.79397416,133.3397765
10,25,10,15.2,271,129,34.33255386,147.9777963
10,25,11,15.9,305,143,39.05012041,165.3275424
10,25,12,16.1,249,137,40.11277389,184.3370153
10,25,13,15.6,145,149,37.29357023,202.8094958
10,25,14,15.5,104,141,31.15983123,218.9487725
10,25,15,15.1,49,101,22.63773623,232.3513535
10,25,16,15,44,56,12.5536607,243.5323559
10,25,17,14.8,18,19,1.500838161,253.2479649
10,25,18,14.9,0,3,-10.11142291,262.2316776
10,27,8,10.6,378,59,16.87364589,121.7416131
10,27,9,15,570,92,26.26148141,133.8225803
10,27,10,16.6,708,106,33.72943788,148.3706802
10,27,11,19,765,115,38.38767153,165.551505
10,27,12,19.2,789,119,39.42797943,184.3287346
10,27,13,19.3,782,117,36.63325678,202.5835849
10,27,14,20.5,746,111,30.55346599,218.5794274
10,27,15,20,672,98,22.09099941,231.9069532
10,27,16,19.8,531,74,12.05843369,243.0499097
10,27,17,18.3,219,36,1.043994801,252.7395721
10,27,18,16.6,0,6,-10.54456024,261.6947314
10,29,8,7.5,332,51,16.40395461,122.2432953
10,29,9,11,444,85,25.73064892,134.280597
10,29,10,11.8,517,106,33.1317135,148.7372462
10,29,11,13.6,543,121,37.73531591,165.7518885
10,29,12,14.8,549,131,38.75736774,184.3050126
10,29,13,15.1,371,159,35.98932821,202.3513657
10,29,14,15.3,201,184,29.96425102,218.2095219
10,29,15,14.7,239,140,21.56175012,231.4644337
10,29,16,14.6,298,77,11.5811149,242.5700275
10,29,17,13.2,167,34,0.605697423,252.2336028
10,29,18,12.5,0,5,-10.95827812,261.1595102
10,31,8,3.6,438,52,15.93444033,122.7224616
10,31,9,8.2,631,86,25.20242628,134.7135764
10,31,10,9,743,104,32.54041793,149.077616
10,31,11,11.8,797,116,37.09406998,165.9291025
10,31,12,11.9,820,120,38.10187282,184.2662201
10,31,13,11.8,815,118,35.36266516,202.1130385
10,31,14,12.8,776,111,29.39303747,217.8392448
10,31,15,12.6,699,96,21.05079749,231.0241011
10,31,16,12.7,549,72,11.12245664,242.0931651
10,31,17,10.9,224,33,0.186639292,251.7306655
10,31,18,9.5,0,5,-11.35193165,260.6267898
11,1,8,12.7,6,38,15.93444033,122.7224616
11,1,9,13.2,9,83,25.20242628,134.7135764
11,1,10,13.2,9,120,32.54041793,149.077616
11,1,11,13.6,15,163,37.09406998,165.9291025
11,1,12,14.1,15,175,38.10187282,184.2662201
11,1,13,14.3,8,144,35.36266516,202.1130385
11,1,14,14.4,3,116,29.39303747,217.8392448
11,1,15,13.9,5,89,21.05079749,231.0241011
11,1,16,13.3,4,49,11.12245664,242.0931651
11,1,17,12.2,0,14,0.186639292,251.7306655
11,1,18,11.9,0,2,-11.35193165,260.6267898
11,3,8,9.2,352,50,15.46593618,123.178645
11,3,9,10.1,564,87,24.67778729,135.1213244
11,3,10,10.3,680,113,31.9565983,149.3919608
11,3,11,11.8,725,129,36.46494844,166.0835889
11,3,12,12.1,761,130,37.46241993,184.2127617
11,3,13,12.2,780,121,34.75413126,201.8688511
11,3,14,13,752,110,28.84064998,217.4688365
11,3,15,12.6,664,96,20.55891576,230.58631
11,3,16,12.8,505,71,10.68316887,241.6198247
11,3,17,10.9,202,31,-0.212535899,251.2314173
11,3,18,10.2,0,4,-11.72493312,260.0974007
11,5,8,3,427,49,14.99930665,123.611428
11,5,9,4.5,628,85,24.15772588,135.5037008
11,5,10,4.6,747,104,31.38130804,149.6804963
11,5,11,6.2,806,115,35.84896165,166.2158189
11,5,12,6.9,828,119,36.83992355,184.145073
11,5,13,7,820,117,34.16457171,201.6190957
11,5,14,8,779,109,28.30788572,217.0985854
11,5,15,7.8,692,95,20.08684344,230.1514608
11,5,16,7.8,528,70,10.26391837,241.1505523
11,5,17,6.3,211,30,-0.591234969,250.7365602
11,5,18,6.1,0,3,-12.07675303,259.5722242
11,7,8,5.8,205,42,14.53544351,124.0204409
11,7,9,7.6,378,92,23.64325187,135.860616
11,7,10,8.5,496,117,30.81560325,149.9434798
11,7,11,9.4,526,152,35.24711289,166.3262895
11,7,12,9.5,532,168,36.23528543,184.0636174
11,7,13,9.2,612,138,33.59481185,201.3641056
11,7,14,9.6,665,117,27.79551331,216.7288254
11,7,15,9.1,619,99,19.63528247,229.7199969
11,7,16,9,487,71,9.865328011,240.6859354
11,7,17,7.8,199,29,-0.948915928,250.2468385
11,7,18,7.4,0,3,-12.40692097,259.0521882
11,9,8,7.1,18,17,14.07526162,124.4053605
11,9,9,8.9,15,62,23.13538681,136.192028
11,9,10,9.4,168,118,30.26053914,150.181205
11,9,11,12.4,444,132,34.66039569,166.4155202
11,9,12,13.1,608,133,35.6493925,183.9688834
11,9,13,13.2,616,136,33.04565574,201.1042522
11,9,14,14.4,576,129,27.30427192,216.3599328
11,9,15,14.1,551,104,19.20489754,229.2924023
11,9,16,13.9,450,65,9.487976251,240.2265999
11,9,17,12.5,180,26,-1.285088413,249.7630346
11,9,18,11.7,0,2,-12.71502592,258.5382624
11,11,8,9.4,72,57,13.61969463,124.7659088
11,11,9,11.6,157,117,22.63515964,136.4979396
11,11,10,12.6,279,164,29.71716637,150.3939995
11,11,11,15.6,284,198,34.0897911,166.4840496
11,11,12,16.5,222,213,35.08311488,183.8613812
11,11,13,16.4,225,195,32.51788463,200.8399408
11,11,14,17.5,230,166,26.83487024,215.9923226
11,11,15,17.2,190,130,18.79631548,228.8691982
11,11,16,17.5,108,73,9.132396719,239.7732064
11,11,17,16.5,23,24,-1.599313868,249.2859651
11,11,18,16.5,0,2,-13.00071635,258.0314526
11,13,8,11.4,49,28,13.16969054,125.101851
11,13,9,12.2,74,59,22.14360245,136.778395
11,13,10,12.1,83,90,29.18652751,150.5822198
11,13,11,12.8,73,112,33.53626496,166.5324324
11,13,12,12.6,53,115,34.53730376,183.7416402
11,13,13,12.5,63,113,32.01225556,200.5716082
11,13,14,12.5,52,92,26.3879856,215.6264453
11,13,15,12,41,69,18.4101247,228.4509398
11,13,16,12.2,46,43,8.799077995,239.3264468
11,13,17,11.1,12,11,-1.891205494,248.8164764
11,13,18,11,0,1,-13.2636999,257.5327949
11,15,8,5.1,47,54,12.72620738,125.4129941
11,15,9,7.5,138,128,21.66174624,137.0334769
11,15,10,7.4,202,192,28.66965346,150.7462484
11,15,11,10.7,284,224,33.00076524,166.5612364
11,15,12,11.3,340,233,34.01278932,183.6102059
11,15,13,11.2,280,237,31.52949976,200.2997184
11,15,14,12.4,234,214,25.96426297,215.2627836
11,15,15,12.3,170,162,18.04687469,228.0382122
11,15,16,12.2,75,95,8.488463499,238.8870404
11,15,17,10.4,27,29,-2.160427976,248.3554397
11,15,18,9.9,0,1,-13.50374272,257.0433496
11,17,8,2.2,73,56,12.29020873,125.6991851
11,17,9,4.2,217,127,21.19061674,137.2633035
11,17,10,4.2,354,173,28.16756004,150.8864905
11,17,11,7.2,461,191,32.48421932,166.5710397
11,17,12,8.1,511,196,33.51037863,183.4676372
11,17,13,8.2,487,199,31.07032118,200.0247596
11,17,14,9.8,432,184,25.56431402,214.9018484
11,17,15,10,409,138,17.70707554,227.6316274
11,17,16,10,296,82,8.200951497,238.4557294
11,17,17,7.7,91,29,-2.406697005,247.9037461
11,17,18,7.7,0,1,-13.72066856,256.5641947
11,19,8,0.4,235,38,11.86265946,125.9603092
11,19,9,1.9,560,75,20.73123033,137.4680257
11,19,10,2,697,96,27.68124455,151.0033705
11,19,11,4.5,764,107,31.98753134,166.5624281
11,19,12,5.8,788,112,33.03085353,183.3145036
11,19,13,5.9,778,110,30.63539495,199.7472411
11,19,14,7.1,733,103,25.18871618,214.5441754
11,19,15,6.8,635,88,17.39119758,227.2318202
11,19,16,6.8,455,60,7.936895209,238.0332751
11,19,17,5.2,171,22,-2.629778624,247.4623014
11,19,18,4.5,0,1,-13.91435748,256.096419
11,21,8,9.7,122,28,11.44452143,126.1962889
11,21,9,11.6,267,78,20.28459008,137.6478247
11,21,10,12.5,319,135,27.21168248,151.0973292
11,21,11,13.7,374,176,31.5115796,166.5359926
11,21,12,13.7,530,163,32.57496857,183.151383
11,21,13,13.8,697,125,30.22536579,199.46769
11,21,14,14.6,707,104,24.83801168,214.1903218
11,21,15,14,616,87,17.09967093,226.8394443
11,21,16,13.9,441,59,7.696602994,237.620453
11,21,17,11,166,21,-2.829488417,247.0320207
11,21,18,10.7,0,1,-14.08474439,255.6411152
11,23,8,8.6,77,27,11.0367494,126.4070817
11,23,9,11.5,137,76,19.85168192,137.802909
11,23,10,11.9,159,109,26.75982431,151.1688213
11,23,11,13.9,166,127,31.05721401,166.4923273
11,23,12,14.4,288,126,32.14344886,182.9788592
11,23,13,14.7,428,125,29.84084648,199.1866477
11,23,14,15,463,129,24.51270655,213.8408625
11,23,15,14.1,476,102,16.83288516,226.4551687
11,23,16,13.9,353,62,7.480338594,237.2180488
11,23,17,10.4,131,21,-3.005690568,246.6138233
11,23,18,9.6,0,1,-14.2318173,255.1993734
11,25,8,1.1,207,32,10.64028707,126.5926792
11,25,9,3.4,509,69,19.43347097,137.9335128
11,25,10,5.5,655,91,26.32659248,151.2183128
11,25,11,9.4,729,102,30.62525353,166.4320275
11,25,12,10.2,757,107,31.73698807,182.7975195
11,25,13,10.5,753,106,29.48241627,198.9046678
11,25,14,12.7,701,101,24.21326965,213.4963867
11,25,15,13.1,582,90,16.59118888,226.0796736
11,25,16,12.9,405,61,7.288321419,236.8268541
11,25,17,10.7,152,21,-3.15829682,246.2086271
11,25,18,9.7,0,1,-14.35561545,254.7722742
11,27,8,6.3,0,0,10.25606326,126.7531063
11,27,9,6.3,1,16,19.03089803,138.0398937
11,27,10,6.4,1,32,25.91287839,151.2462794
11,27,11,6.3,0,38,30.21648383,166.3556879
11,27,12,6.1,0,35,31.35624632,182.607953
11,27,13,6.1,1,38,29.15061928,198.6223129
11,27,14,5.4,1,38,23.94013163,213.1574952
11,27,15,5.1,1,33,16.37488938,225.7136471
11,27,16,5.4,3,24,7.120726864,236.4476616
11,27,17,5.3,2,8,-3.287265369,245.8173435
11,27,18,5.7,0,0,-14.45622722,254.360882
11,29,8,-7.1,229,32,9.884988401,126.8884195
11,29,9,-5.2,559,72,18.64487636,138.122331
11,29,10,-5.2,713,96,25.51953971,151.253204
11,29,11,-3.7,788,109,29.8316549,166.263901
11,29,12,-2.9,811,116,31.00184826,182.4107489
11,29,13,-2.9,806,115,28.84596297,198.3401523
11,29,14,-1.8,766,106,23.69368393,212.8247966
11,29,15,-1.7,669,89,16.18425218,225.3577815
11,29,16,-1.7,486,59,6.977686614,236.0812614
11,29,17,-2.6,183,21,-3.392599703,245.4408724
11,29,18,-3,0,1,-14.53378806,253.9662385
