targets,predictions
759.3679809570312,691.873046875
4850.69384765625,4890.59033203125
4225.3291015625,4246.208984375
3608.782958984375,3576.115966796875
3595.77099609375,3531.414794921875
4860.251953125,4772.13818359375
3459.056884765625,3333.115966796875
4754.22021484375,4721.3310546875
683.0599975585938,646.4174194335938
4387.23291015625,4548.6611328125
4307.05712890625,4334.701171875
4286.52294921875,4365.92236328125
3335.181884765625,3363.514892578125
4646.15283203125,4628.0087890625
1428.927978515625,1818.707763671875
4417.458984375,4453.052734375
3721.199951171875,3626.441162109375
5866.662109375,5901.154296875
4281.85205078125,4314.982421875
4614.14599609375,4259.17919921875
4338.03515625,4345.2763671875
5599.02001953125,5289.4873046875
4051.625,4022.78857421875
1627.7650146484375,1438.4698486328125
3549.590087890625,3863.074462890625
5108.740234375,5146.28173828125
4132.3408203125,4431.681640625
3435.8310546875,3341.671630859375
5586.7431640625,5571.55615234375
5269.4931640625,4901.1455078125
3176.68310546875,3281.575439453125
4181.4970703125,4188.51318359375
1925.5,2303.202880859375
5908.119140625,5888.083984375
3582.373046875,3505.293212890625
1666.240966796875,1543.5640869140625
4834.73779296875,4548.51123046875
3856.0419921875,3762.941650390625
3588.02392578125,3600.087646484375
3919.20703125,3897.921142578125
1259.4090576171875,1224.5604248046875
4770.85302734375,4841.94921875
583.27001953125,960.9276123046875
4296.55712890625,4272.9189453125
2657.55908203125,2470.534912109375
5988.26806640625,5995.2607421875
5707.98291015625,5704.4921875
4595.94482421875,4585.65869140625
25.738000869750977,35.86952590942383
5624.13916015625,5632.283203125
3416.738037109375,3317.952880859375
5604.52001953125,4948.568359375
5670.5859375,5685.509765625
1674.553955078125,967.85302734375
3347.9130859375,3314.337646484375
2654.242919921875,2593.752685546875
579.843017578125,963.5005493164062
3397.4599609375,3358.01171875
5346.97705078125,5380.2578125
4937.64013671875,4928.09033203125
4518.712890625,4823.1318359375
3737.0830078125,3656.215087890625
1215.02099609375,1153.1470947265625
4522.4208984375,4436.228515625
4110.51806640625,3864.458740234375
3839.969970703125,4206.66259765625
4713.1630859375,4640.0673828125
4012.43505859375,4057.698974609375
2899.777099609375,2744.055419921875
3323.718017578125,3242.337646484375
2037.8310546875,2064.016845703125
2784.6240234375,2829.794677734375
2959.14892578125,2977.61474609375
3154.791015625,3270.999755859375
2131.535888671875,2203.861328125
3571.43798828125,3266.510498046875
3485.242919921875,3110.653564453125
1767.824951171875,1989.2325439453125
3757.986083984375,3659.683349609375
1279.3189697265625,1340.5352783203125
1730.0760498046875,1618.20654296875
629.7069702148438,1083.776611328125
340.08599853515625,303.337890625
2348.783935546875,2552.961669921875
1215.426025390625,1260.8885498046875
4592.5732421875,4529.85498046875
2818.882080078125,3626.584228515625
2942.2119140625,2722.321533203125
2261.35302734375,2258.579345703125
1636.0870361328125,1567.2008056640625
1876.27001953125,1902.8233642578125
0.0,-13.927515983581543
1267.9029541015625,1851.0096435546875
2038.1600341796875,1755.7852783203125
4241.39208984375,4173.15087890625
4661.8408203125,4603.88232421875
4111.30712890625,3934.482177734375
3677.68798828125,3777.499267578125
3327.904052734375,3389.48193359375
1807.5909423828125,1706.4112548828125
3927.93701171875,3970.799072265625
3559.344970703125,4018.738037109375
807.2979736328125,790.1443481445312
4854.26513671875,4845.9091796875
110.53700256347656,217.08929443359375
4293.27294921875,4305.85693359375
4570.8662109375,4501.375
117.60399627685547,234.03546142578125
2855.365966796875,2742.790283203125
1042.5849609375,1108.099365234375
3945.340087890625,3944.13525390625
1839.449951171875,2254.905517578125
3471.2080078125,3485.067626953125
4419.97607421875,4112.6064453125
3928.990966796875,3965.889892578125
4453.048828125,4474.7412109375
4120.6611328125,4253.212890625
5963.26708984375,5686.0478515625
3765.702880859375,3861.624755859375
5680.1611328125,5732.26611328125
3976.9560546875,4182.080078125
4371.42919921875,4366.33203125
3099.7060546875,3277.28955078125
4334.39501953125,4469.9453125
5181.02783203125,5139.24365234375
3713.240966796875,3732.241943359375
3778.89794921875,3714.264404296875
314.96099853515625,229.10238647460938
3793.695068359375,3981.828857421875
95.90799713134766,85.01937103271484
4070.195068359375,4076.432861328125
1029.0179443359375,1001.431640625
2327.179931640625,2484.7822265625
974.85400390625,1023.0435180664062
4161.2119140625,4451.16015625
3500.613037109375,3783.686279296875
5814.8740234375,5657.3623046875
416.9830017089844,726.4191284179688
5373.51611328125,5279.419921875
8.534000396728516,4.136631965637207
2672.906982421875,3145.431396484375
5073.0400390625,5071.44921875
6.921000003814697,14.674771308898926
626.5189819335938,521.34765625
5131.22216796875,5101.35009765625
3493.72705078125,4013.978759765625
1383.06396484375,2283.687255859375
4993.6689453125,4970.1123046875
3750.64892578125,3804.469970703125
2408.447998046875,2379.6630859375
3573.48095703125,2823.362060546875
8.92300033569336,15.43596363067627
3713.2451171875,3704.612548828125
4738.59521484375,4729.966796875
2976.054931640625,2934.335205078125
4675.3310546875,4925.0810546875
4378.23193359375,4217.744140625
1920.7010498046875,2281.796142578125
4625.05517578125,4752.072265625
3673.758056640625,4075.606201171875
4829.59814453125,4591.1435546875
2938.68603515625,2987.36669921875
3955.98193359375,3980.47607421875
5398.59423828125,5408.83984375
338.760986328125,287.1595458984375
3863.06298828125,3848.898681640625
3179.134033203125,3522.975341796875
3855.501953125,3892.26123046875
4695.22412109375,4654.1376953125
440.8800048828125,652.2326049804688
3991.2099609375,3984.654541015625
628.1530151367188,831.7844848632812
2144.9580078125,2306.167724609375
4269.19580078125,4293.419921875
4862.93115234375,4877.03076171875
4725.8681640625,4699.171875
1408.4940185546875,1488.1756591796875
5248.26318359375,5219.11474609375
2505.344970703125,2507.825439453125
3671.212890625,2928.55615234375
4415.35302734375,4393.033203125
1934.1090087890625,1981.5826416015625
4411.73779296875,4213.3515625
4327.3408203125,4214.76171875
553.9940185546875,715.5000610351562
4594.6748046875,4619.6162109375
142.42100524902344,316.4557800292969
595.833984375,601.3358154296875
39.16600036621094,20.618488311767578
2177.76708984375,1937.8919677734375
2457.239990234375,2527.54296875
2567.638916015625,2497.7705078125
159.7010040283203,220.0977325439453
3982.712890625,3935.196044921875
4035.297119140625,4085.446533203125
4204.380859375,4254.98779296875
2846.449951171875,2477.594482421875
2310.10595703125,2515.56689453125
3127.075927734375,3097.5849609375
3363.049072265625,3518.01953125
3514.1298828125,3133.6962890625
378.64599609375,338.11395263671875
3461.6708984375,3237.8291015625
4264.1171875,4217.3271484375
5283.19677734375,5256.63525390625
3141.698974609375,3009.250732421875
53.95100021362305,54.50334548950195
3115.3779296875,3086.785888671875
2666.695068359375,2742.96826171875
1154.4530029296875,2184.873291015625
4880.9560546875,4534.435546875
4268.11181640625,4524.27099609375
29.61199951171875,30.49887466430664
867.1619873046875,1074.644287109375
1666.1319580078125,925.9037475585938
2509.7529296875,2315.441650390625
4181.3427734375,4243.0185546875
490.3529968261719,503.29119873046875
2375.01904296875,1867.8199462890625
2176.818115234375,2158.55517578125
2431.472900390625,2704.548828125
917.8410034179688,973.1370239257812
3064.152099609375,3338.984130859375
4124.85400390625,4151.4990234375
1223.781982421875,1309.1893310546875
4947.97119140625,4971.31787109375
5092.29296875,5116.884765625
3367.285888671875,3256.312744140625
4036.9130859375,3837.660400390625
2111.221923828125,1789.1427001953125
585.5969848632812,423.19024658203125
4277.76416015625,4148.16845703125
5210.283203125,5146.57373046875
5166.09912109375,5165.06201171875
4673.72705078125,4333.2734375
5538.419921875,5536.00244140625
666.4840087890625,661.9069213867188
3693.722900390625,3499.369384765625
4177.18603515625,4179.056640625
5301.18115234375,5268.232421875
1564.876953125,1619.1964111328125
4775.72021484375,4776.0634765625
1139.9449462890625,1145.4232177734375
2784.81201171875,2834.778076171875
866.1599731445312,908.5968627929688
303.14599609375,247.92041015625
4885.796875,4488.1767578125
19.62700080871582,27.541568756103516
4758.30078125,4862.7587890625
3771.4150390625,2892.959228515625
4808.6240234375,4783.17626953125
782.8930053710938,810.4295043945312
5581.54296875,5467.1494140625
3941.243896484375,3188.576416015625
4430.759765625,4343.017578125
2308.464111328125,1499.8111572265625
3869.68603515625,3872.360107421875
3192.381103515625,3124.744384765625
4139.18505859375,4313.4658203125
846.4010009765625,1070.2061767578125
2085.1640625,1294.938232421875
5084.97998046875,5049.103515625
3333.14208984375,3306.114990234375
3539.117919921875,3254.088134765625
970.3350219726562,978.9020385742188
3308.73095703125,3190.696044921875
4929.3779296875,4907.3720703125
1050.5830078125,1020.9258422851562
5047.14794921875,5010.970703125
3013.73291015625,3360.17724609375
3164.64111328125,3232.9716796875
4015.99609375,4598.2607421875
3759.156982421875,3663.593017578125
0.0,-3.875552177429199
4628.0458984375,4684.8095703125
5055.22607421875,5063.38720703125
5119.03076171875,5000.32177734375
143.39599609375,114.93115997314453
3032.7470703125,2908.247802734375
4757.73193359375,4746.62109375
34.55699920654297,19.30752944946289
4043.135009765625,4043.154296875
250.38800048828125,216.14309692382812
1304.0050048828125,1336.2703857421875
4180.27197265625,4141.8515625
3539.5029296875,3431.300048828125
4698.7451171875,4696.2080078125
3756.98193359375,3728.093505859375
278.7950134277344,224.8939208984375
4546.27587890625,4581.98779296875
1907.6590576171875,2428.944091796875
3146.5,2649.84912109375
30.531999588012695,28.677814483642578
282.5679931640625,305.462890625
3407.654052734375,3552.766357421875
249.01100158691406,215.01568603515625
1888.3409423828125,2163.551025390625
2567.985107421875,2436.196044921875
2907.89501953125,2621.208740234375
4504.0908203125,4863.1220703125
2454.215087890625,2794.614501953125
3382.2099609375,3258.440185546875
4665.47607421875,4689.681640625
5401.81005859375,5240.90283203125
4429.42578125,4319.71826171875
5180.3798828125,5185.302734375
2672.62109375,2367.325927734375
1434.258056640625,955.9210815429688
4702.7587890625,4744.9384765625
1330.177978515625,1239.0933837890625
4802.85791015625,5012.1611328125
1079.906005859375,1031.8477783203125
533.81201171875,344.6488037109375
2836.6630859375,2897.10498046875
1923.7320556640625,1776.0693359375
1357.2779541015625,1797.0899658203125
2505.405029296875,2616.241943359375
252.37399291992188,256.0662841796875
4303.044921875,4243.44580078125
2650.425048828125,2660.262451171875
2729.205078125,2793.11376953125
4978.076171875,5077.3759765625
5673.30078125,5700.81689453125
3488.65087890625,4112.2626953125
5409.7958984375,5393.046875
2889.784912109375,3082.211181640625
2955.31396484375,2857.001708984375
4832.5810546875,4266.36328125
4299.083984375,4255.88232421875
4613.48193359375,4390.65966796875
3886.7099609375,3742.75732421875
3659.806884765625,3525.31640625
1649.3189697265625,1670.2420654296875
952.8510131835938,1466.5665283203125
232.35299682617188,215.5006103515625
2312.330078125,2125.294921875
3187.94091796875,2983.418212890625
5465.4521484375,5466.5146484375
3786.610107421875,3713.172607421875
4015.847900390625,4263.21533203125
3651.60693359375,3714.510498046875
2014.68701171875,1996.5986328125
4346.9521484375,4257.65673828125
2950.322998046875,2117.565673828125
2749.388916015625,3736.7294921875
5436.51513671875,5461.7109375
3477.27099609375,3202.99365234375
460.9020080566406,465.9281005859375
2332.240966796875,2949.272216796875
3176.60302734375,3137.2958984375
3883.761962890625,3821.838134765625
4008.070068359375,4031.800048828125
4301.587890625,4258.1611328125
3258.64599609375,3301.487548828125
3579.302001953125,3720.37158203125
5363.0888671875,5572.60986328125
3287.64697265625,3281.834716796875
4988.2578125,5001.7099609375
4247.2490234375,4287.23828125
620.4019775390625,1095.642822265625
3719.31396484375,3708.134521484375
3284.412109375,3215.528564453125
5064.546875,5036.00830078125
2683.26904296875,2621.729248046875
2244.408935546875,2499.864990234375
2634.39306640625,2648.291259765625
509.2699890136719,770.4758911132812
5254.9921875,5151.8330078125
1186.238037109375,1219.5780029296875
3351.8330078125,3351.0673828125
4077.491943359375,3999.85986328125
995.4390258789062,868.6644897460938
2668.85498046875,2768.426025390625
30.400999069213867,36.0162239074707
3095.800048828125,2881.002685546875
1714.4310302734375,1524.2310791015625
25.945999145507812,28.407047271728516
5135.23876953125,5145.80859375
558.6859741210938,960.8264770507812
2744.777099609375,2844.69091796875
3249.718994140625,3474.21435546875
2966.56103515625,2103.0556640625
2375.343994140625,2451.30810546875
3411.0009765625,3168.368896484375
443.1579895019531,527.6371459960938
4138.1708984375,4074.958251953125
4167.7421875,4298.41552734375
4842.3779296875,4784.263671875
3964.158935546875,3962.859130859375
3363.180908203125,3194.90576171875
5416.90478515625,5363.91357421875
2395.76708984375,2477.1357421875
5011.58203125,5049.26904296875
5152.5439453125,5149.40234375
2945.180908203125,2922.585693359375
2241.80908203125,2260.654541015625
4058.493896484375,3869.359130859375
2776.947021484375,2872.227294921875
1444.7640380859375,1825.9114990234375
4127.9267578125,4022.96630859375
4039.056884765625,4171.103515625
2470.925048828125,2533.0615234375
2388.501953125,2301.467041015625
3666.27587890625,3961.721923828125
29.665000915527344,31.742252349853516
998.27001953125,957.3448486328125
3680.06103515625,3621.9482421875
4404.76318359375,4744.0107421875
5022.373046875,5028.427734375
2646.302001953125,2770.00830078125
2669.1630859375,2473.952880859375
3191.952880859375,3321.118896484375
4988.9482421875,4939.2734375
5273.60693359375,5376.10400390625
1257.8360595703125,1369.4769287109375
4950.68603515625,4659.1904296875
2058.044921875,2136.03955078125
2022.4580078125,1723.2618408203125
4665.3232421875,4714.69140625
1815.176025390625,1576.705322265625
3369.74609375,3267.021240234375
2982.85498046875,2992.692138671875
5833.06298828125,5815.001953125
1666.7020263671875,1391.9891357421875
3562.89404296875,3538.3310546875
2128.551025390625,2126.486572265625
5186.18115234375,5086.421875
5538.0791015625,5518.03662109375
4887.73095703125,4936.1826171875
1859.5889892578125,1946.1470947265625
5385.51416015625,5374.9765625
2960.4140625,3157.587646484375
4422.3759765625,4564.3388671875
5161.5361328125,5132.6748046875
3027.83203125,2849.804931640625
5212.587890625,5152.673828125
4692.458984375,4692.27978515625
4558.89697265625,4553.2431640625
4695.0732421875,4719.3017578125
2253.1640625,2199.580078125
2118.5029296875,2156.568359375
4134.7158203125,3834.089599609375
2631.464111328125,2661.334716796875
4881.13818359375,4806.7275390625
3577.777099609375,3657.54541015625
31.40399932861328,35.64863967895508
4689.64208984375,4690.7998046875
4174.98388671875,4091.538330078125
241.76300048828125,242.87539672851562
2137.679931640625,1813.5955810546875
4118.0810546875,4079.999755859375
3497.18505859375,3498.382568359375
3133.069091796875,3158.031494140625
3880.02294921875,3908.612060546875
4076.06298828125,3856.49951171875
4536.6591796875,4651.52734375
3397.847900390625,3380.213134765625
5067.68896484375,5076.97607421875
4386.63818359375,4276.2529296875
199.88499450683594,210.51702880859375
4933.86181640625,4484.560546875
742.9420166015625,1202.7135009765625
4866.19921875,4850.91943359375
904.5070190429688,795.2011108398438
2261.258056640625,2436.390869140625
4615.27880859375,4651.625
1463.0419921875,1481.7847900390625
4652.833984375,4656.888671875
2562.458984375,2553.25830078125
4688.8818359375,4704.1171875
3361.722900390625,3363.286865234375
2094.39306640625,2403.462646484375
5291.080078125,5258.7978515625
3979.05908203125,4057.749755859375
4040.654052734375,3970.049072265625
4315.42578125,4123.62744140625
5013.12109375,5010.03466796875
4809.158203125,4966.6484375
4849.27880859375,4514.1484375
4171.63623046875,3868.213134765625
2305.87890625,2480.76904296875
3970.739990234375,4039.140380859375
4927.21484375,4762.3095703125
4259.48095703125,4225.775390625
3388.89208984375,3400.614501953125
2745.951904296875,2528.812744140625
1477.8919677734375,1497.3963623046875
3316.35302734375,3272.818115234375
2972.033935546875,2958.248779296875
2966.220947265625,3045.91796875
3634.90087890625,3666.958740234375
1024.2550048828125,1006.9985961914062
5645.0732421875,5659.0830078125
4157.0810546875,4178.9306640625
2734.248046875,2749.65234375
5372.73583984375,5337.181640625
4683.6650390625,4482.5302734375
4873.58984375,4768.12646484375
1531.343994140625,2233.015869140625
1501.114990234375,1448.074462890625
2058.131103515625,2094.582763671875
3238.1689453125,3199.436767578125
4472.421875,4482.12158203125
1247.2889404296875,1382.3114013671875
2387.177001953125,2517.744873046875
5370.283203125,5309.912109375
5555.4521484375,5516.3369140625
1784.0670166015625,1234.704345703125
3122.68603515625,3199.107421875
1659.6409912109375,1359.604736328125
73.21299743652344,60.632450103759766
4112.55810546875,4088.310302734375
4209.98291015625,4222.8837890625
4162.8349609375,4213.18505859375
738.1480102539062,728.8448486328125
4720.787109375,4265.958984375
3837.52001953125,3473.205322265625
91.55699920654297,116.55170440673828
721.593017578125,1191.1990966796875
5171.77783203125,4743.421875
4989.14208984375,4964.57177734375
1742.719970703125,1779.92919921875
5446.4560546875,5400.1806640625
34.10100173950195,34.5893440246582
4699.93115234375,4687.73388671875
4710.93994140625,4657.0126953125
1186.3819580078125,1064.974853515625
1839.18701171875,1612.7635498046875
2055.62890625,1819.9361572265625
3916.2548828125,4388.1923828125
460.1659851074219,489.2851257324219
5532.2958984375,5518.8759765625
1151.2540283203125,1210.8062744140625
1102.9329833984375,877.0281372070312
1029.344970703125,867.6055297851562
9.765000343322754,14.76659107208252
3693.341064453125,3729.83984375
4558.0859375,4647.4658203125
3150.80908203125,3216.560302734375
1712.801025390625,1616.9315185546875
1631.446044921875,1818.234375
2170.68798828125,2267.574462890625
3881.94189453125,3637.86669921875
145.1699981689453,304.65771484375
4734.0400390625,4832.46484375
1725.958984375,1801.10302734375
4659.498046875,4650.9404296875
20.96299934387207,18.767154693603516
736.3930053710938,423.9393615722656
4587.16796875,4777.13916015625
2911.910888671875,3285.301513671875
2720.6279296875,2699.981201171875
3247.60791015625,3212.197021484375
4626.12890625,4622.44677734375
4820.97998046875,4822.091796875
540.6229858398438,554.5938110351562
4498.39599609375,4642.33447265625
3364.20703125,3194.860107421875
553.135009765625,803.5947875976562
4323.92578125,4509.3525390625
2401.93896484375,2890.726318359375
2817.22802734375,2505.0732421875
2694.5048828125,2800.491455078125
3797.3779296875,3829.357177734375
27.011999130249023,18.170963287353516
3941.845947265625,4034.56884765625
3787.27197265625,3964.593994140625
5357.93115234375,5452.26513671875
5426.953125,5352.771484375
2483.198974609375,2740.107177734375
5666.58203125,5967.11328125
1791.7760009765625,1923.3365478515625
455.677001953125,527.9732055664062
3073.305908203125,3046.491943359375
378.7139892578125,424.86798095703125
4116.7529296875,4124.9814453125
1628.780029296875,1597.105224609375
5479.830078125,5472.84521484375
4017.635009765625,4120.91015625
1600.552978515625,1114.8509521484375
2054.472900390625,1789.3323974609375
4120.48681640625,4100.26171875
3408.76708984375,3261.283203125
825.6409912109375,975.4081420898438
1648.822021484375,1734.5233154296875
5168.955078125,5176.37353515625
4790.64306640625,4891.2685546875
3066.638916015625,2806.15576171875
5668.15283203125,5623.5625
5067.75,5060.3095703125
2865.139892578125,2829.692138671875
5151.56494140625,5141.8447265625
4769.51220703125,4761.8466796875
1333.5670166015625,1394.336669921875
4293.5458984375,4304.5498046875
5069.39794921875,5066.87109375
352.9960021972656,569.0372314453125
4531.72119140625,4217.8154296875
4447.64111328125,4464.7802734375
1873.9439697265625,2335.6103515625
846.8060302734375,737.5861206054688
1443.9000244140625,1516.5938720703125
4741.2587890625,4709.35302734375
3716.784912109375,3725.789794921875
4563.0732421875,4264.0322265625
2518.574951171875,2924.8232421875
3494.611083984375,3551.966552734375
3334.052001953125,3400.105224609375
2155.62890625,2734.182861328125
5194.0859375,5179.6484375
4476.40087890625,4767.75390625
972.1240234375,900.7435913085938
3553.134033203125,3469.129150390625
1623.364990234375,1599.048828125
4513.91015625,4735.77099609375
4756.17578125,4736.099609375
4152.0078125,4104.9423828125
4122.19921875,3734.319091796875
3505.18310546875,3414.10498046875
2930.364013671875,3108.14990234375
4131.56689453125,4109.29443359375
1072.6510009765625,1165.484619140625
2964.528076171875,3055.280517578125
3338.006103515625,3539.579345703125
4082.323974609375,3955.734619140625
4233.248046875,4577.8935546875
3895.656982421875,3727.429931640625
2069.741943359375,1980.05419921875
3769.02001953125,3279.748291015625
4485.626953125,4053.767822265625
2324.7890625,2424.96728515625
996.718994140625,1398.3021240234375
5670.671875,5650.8818359375
4199.8720703125,4249.412109375
4544.9609375,4612.3779296875
2463.75390625,2127.37353515625
5013.59423828125,5144.173828125
3932.76904296875,4432.4326171875
922.31201171875,892.4617309570312
3936.155029296875,3925.3818359375
5467.73291015625,5396.1708984375
3377.909912109375,3306.169189453125
3034.014892578125,3232.032958984375
3510.492919921875,4045.359130859375
1235.133056640625,1369.1025390625
3800.56201171875,3747.122314453125
4194.384765625,4225.50390625
3518.633056640625,3470.293701171875
458.2959899902344,698.7769775390625
1640.7989501953125,1673.1973876953125
30.461999893188477,32.73591995239258
4255.98193359375,4279.9072265625
2041.8409423828125,2322.588134765625
713.1500244140625,659.8305053710938
1503.18701171875,1844.3331298828125
4745.86181640625,4744.068359375
4436.6611328125,4447.99853515625
4465.826171875,4519.0595703125
932.6589965820312,957.955322265625
5328.796875,5361.2529296875
2805.98388671875,2903.184326171875
3927.5859375,3999.710205078125
5344.93994140625,5298.18310546875
361.0530090332031,321.06658935546875
77.49800109863281,75.4653549194336
2615.748046875,2737.40576171875
5494.705078125,5421.38623046875
2583.0390625,2405.209228515625
5094.18115234375,5017.8671875
4556.6708984375,4544.30224609375
356.69500732421875,279.5358581542969
3360.205078125,3629.698486328125
380.2720031738281,402.34820556640625
4154.86083984375,4790.4580078125
4088.0419921875,4022.155517578125
5513.56982421875,5509.04296875
4741.4091796875,4733.54052734375
1159.7950439453125,1166.8084716796875
5081.19091796875,5024.72802734375
481.92498779296875,507.83782958984375
4359.94189453125,4336.537109375
1729.2540283203125,1466.0770263671875
98.72100067138672,272.9945068359375
170.7519989013672,136.00985717773438
3883.43505859375,3932.86181640625
3415.306884765625,3425.601318359375
4446.31982421875,4465.8359375
4446.07080078125,4696.435546875
1747.220947265625,1841.7484130859375
2964.77001953125,3331.811767578125
5872.67822265625,5801.1064453125
3044.301025390625,3113.23974609375
2781.365966796875,3865.341552734375
3651.5400390625,3743.62158203125
5268.55615234375,5252.759765625
3326.2548828125,2483.622314453125
3612.258056640625,3594.435302734375
50.83000183105469,47.4130744934082
2058.738037109375,2035.8851318359375
2908.81298828125,3151.550537109375
4088.43798828125,4161.9345703125
5891.5751953125,5839.447265625
2733.31103515625,2657.854248046875
1212.89404296875,1160.481689453125
2982.969970703125,3288.70361328125
3469.9990234375,3319.088623046875
4487.73681640625,4576.67529296875
1551.387939453125,1713.7969970703125
3813.258056640625,3453.352783203125
1030.0369873046875,1123.999267578125
4658.6669921875,4657.7177734375
2432.27099609375,2528.265869140625
2757.81201171875,3040.542724609375
4742.4140625,4777.65771484375
5017.18505859375,5149.17724609375
3806.320068359375,3843.20703125
1525.7969970703125,1441.732666015625
4515.3349609375,3998.3212890625
521.35498046875,510.80560302734375
3644.34912109375,3648.717041015625
514.281005859375,438.44989013671875
4565.77392578125,4485.74755859375
1502.4959716796875,1458.1226806640625
3783.575927734375,3775.750732421875
3466.637939453125,3442.60107421875
16.91699981689453,17.93320083618164
3526.888916015625,3490.72412109375
0.0,8.16978931427002
3010.5869140625,2906.084228515625
1949.5970458984375,1920.0263671875
431.2669982910156,575.7843627929688
36.11899948120117,27.405536651611328
5212.37109375,5228.357421875
43.92599868774414,40.9813117980957
2172.8310546875,2121.16162109375
3855.237060546875,3383.625732421875
1494.79296875,1376.835205078125
2804.555908203125,2555.49658203125
4065.114990234375,3955.332763671875
4066.00390625,4023.79736328125
4155.71484375,3418.076904296875
1139.261962890625,1133.8489990234375
5013.77001953125,5006.4658203125
2766.532958984375,2538.204833984375
5072.4482421875,5075.31201171875
4204.19287109375,4185.140625
3054.1650390625,2943.589599609375
3538.993896484375,4143.6259765625
2437.803955078125,2278.710693359375
4973.0029296875,4948.669921875
3079.8291015625,2558.469482421875
4286.60791015625,4265.53759765625
2755.930908203125,2495.4189453125
3733.89111328125,3736.084228515625
2407.971923828125,1885.8172607421875
3940.428955078125,3862.971435546875
3355.904052734375,3322.426025390625
2521.174072265625,2537.223388671875
4373.298828125,3940.481201171875
5111.62109375,5152.9404296875
3306.24609375,3071.114013671875
5534.2978515625,5526.5654296875
808.1939697265625,775.7567749023438
4362.171875,4328.6826171875
4199.49609375,4240.60400390625
5000.6171875,4702.17578125
2396.278076171875,2289.850830078125
27.847000122070312,26.741626739501953
83.9469985961914,142.37445068359375
1019.541015625,1197.426513671875
849.3380126953125,622.0311279296875
2473.3291015625,2587.052001953125
4555.43896484375,4838.9228515625
3684.31005859375,3708.08203125
3338.4541015625,3408.048583984375
3824.944091796875,3733.184326171875
2599.967041015625,3371.1826171875
2553.7119140625,1622.1741943359375
3069.322021484375,3083.843017578125
1123.9820556640625,1009.5606079101562
4000.906005859375,3315.263916015625
3691.9580078125,3531.130126953125
0.0,-3.502894401550293
3788.990966796875,3721.474609375
4395.23388671875,4426.677734375
3749.31201171875,3745.092529296875
5557.80712890625,5523.06298828125
5579.1318359375,5605.80712890625
3352.552978515625,3441.649658203125
2173.885986328125,1853.6102294921875
3471.294921875,3369.341064453125
25.952999114990234,37.369998931884766
4544.0810546875,4557.9912109375
5330.1240234375,5382.28125
3414.39404296875,3393.541015625
1213.93505859375,1323.9742431640625
4497.658203125,4299.2314453125
2022.0140380859375,2221.833740234375
1268.010009765625,1382.2257080078125
5493.080078125,5467.6064453125
1591.875,1321.58642578125
3515.625,3604.776123046875
51.606998443603516,39.846317291259766
3295.217041015625,3568.893798828125
3572.35888671875,3048.79345703125
4526.923828125,4453.3779296875
1504.31396484375,1674.2078857421875
3783.219970703125,3081.902099609375
2473.735107421875,2802.067138671875
3019.52294921875,3008.59716796875
99.29000091552734,172.78878784179688
4063.573974609375,4130.24267578125
1891.1820068359375,902.4030151367188
3499.777099609375,3663.89501953125
1401.9310302734375,1167.0401611328125
3098.64501953125,3078.156005859375
4974.68994140625,4499.81396484375
1993.6839599609375,1992.3914794921875
3039.943115234375,3524.983642578125
4924.2001953125,4918.41357421875
2650.635009765625,2379.1162109375
4864.6689453125,4531.880859375
1862.0389404296875,1874.09033203125
2334.568115234375,2309.718505859375
3887.08203125,3836.3818359375
99.11900329589844,95.14655303955078
4115.34619140625,4070.478759765625
4137.033203125,4059.568115234375
940.8839721679688,1008.3673706054688
4561.14990234375,4540.7119140625
3725.1669921875,3671.314697265625
2003.6610107421875,2017.99951171875
96.61499786376953,80.99137115478516
2524.615966796875,2556.130126953125
4539.30712890625,4452.21728515625
3668.18994140625,3717.244140625
4387.580078125,4379.69677734375
5301.40283203125,5276.1640625
3686.912109375,3876.048583984375
3196.864013671875,3090.750244140625
4270.64892578125,4409.11474609375
2728.659912109375,2585.090576171875
4380.71923828125,4410.53759765625
5051.40087890625,5030.47998046875
5115.3291015625,5188.81689453125
99.60099792480469,237.54220581054688
1746.1629638671875,1660.4053955078125
3840.43603515625,3755.330322265625
5844.2021484375,5623.4892578125
5598.326171875,5557.265625
2673.208984375,2452.056396484375
4475.02490234375,4480.337890625
2942.51708984375,3093.669189453125
4171.619140625,4473.9990234375
3459.52001953125,3115.12109375
5266.76611328125,5294.5322265625
153.0679931640625,760.4627075195312
928.0050048828125,976.753173828125
3903.134033203125,3958.48974609375
3262.43408203125,3517.981201171875
2354.55908203125,1980.4158935546875
1518.2919921875,1503.4559326171875
4222.9228515625,3163.799560546875
2966.073974609375,3059.324462890625
2308.864013671875,2168.345947265625
4327.31689453125,4351.6904296875
2944.889892578125,2777.420166015625
1944.27197265625,1130.7447509765625
3164.450927734375,2811.735107421875
2639.64697265625,2750.723388671875
3224.114013671875,3426.116943359375
1549.2490234375,1417.217529296875
323.97100830078125,289.8044738769531
3261.69091796875,3689.097900390625
5532.4248046875,5325.671875
1799.25,1865.3641357421875
2707.169921875,3184.16796875
2955.382080078125,2397.1171875
3956.201904296875,3588.147705078125
1778.5560302734375,1892.2294921875
3732.455078125,3802.5458984375
5106.6708984375,4727.080078125
3044.866943359375,2768.321044921875
1927.8089599609375,2037.5218505859375
2042.6290283203125,2009.327880859375
4077.89599609375,4055.52880859375
958.52099609375,946.1575317382812
4542.0771484375,4585.35595703125
4070.173095703125,4110.05615234375
4057.739990234375,3997.657958984375
2749.048095703125,2808.584716796875
3613.868896484375,3628.571533203125
488.0769958496094,749.2464599609375
2136.0869140625,2549.972900390625
3572.79296875,3506.181884765625
2378.177001953125,2380.978759765625
1201.344970703125,1699.311767578125
2481.2958984375,2788.377685546875
4020.469970703125,4000.409912109375
4559.0390625,4566.4521484375
4775.05078125,4780.376953125
4929.6748046875,4849.2275390625
4390.248046875,4533.21923828125
1506.1259765625,1727.7987060546875
2312.072021484375,2557.709716796875
5725.98876953125,5684.68017578125
646.3200073242188,458.42095947265625
4080.65087890625,3649.744873046875
348.99798583984375,441.4007568359375
4029.68994140625,4023.019775390625
4228.623046875,4241.2333984375
4147.94091796875,4144.34375
936.72900390625,468.691650390625
1538.7679443359375,1712.350341796875
4446.09619140625,4403.15869140625
5543.17578125,5419.82861328125
1906.926025390625,1913.4166259765625
4437.203125,4480.4267578125
3492.467041015625,3464.328857421875
9.741999626159668,9.884442329406738
1611.7850341796875,1468.7117919921875
4378.4140625,4370.27197265625
3925.575927734375,3816.9482421875
4033.5,3997.50732421875
2804.402099609375,2857.760986328125
3066.64501953125,3043.45849609375
3770.39404296875,3771.05908203125
4614.4638671875,4614.33642578125
3398.614990234375,3075.727783203125
4603.544921875,4619.01123046875
3012.56298828125,2891.159423828125
34.64899826049805,37.48817825317383
3728.759033203125,3766.118896484375
49.4119987487793,67.72513580322266
4935.32421875,4966.08740234375
3679.1279296875,3600.949951171875
5630.92822265625,5605.7265625
3163.449951171875,3255.713623046875
3972.501953125,3898.3271484375
4113.083984375,4131.64501953125
4541.73583984375,4536.15771484375
954.0609741210938,1073.5889892578125
4549.787109375,4572.6591796875
2088.64697265625,2127.987548828125
4703.81884765625,4604.22314453125
5073.01416015625,4730.0146484375
3673.5400390625,3745.821533203125
4383.7841796875,4521.3828125
3037.507080078125,3492.810546875
3120.10498046875,3253.957763671875
857.7979736328125,1469.7764892578125
4494.3017578125,4491.73681640625
5092.56591796875,5071.43359375
3410.759033203125,3147.7353515625
612.927978515625,607.890380859375
3038.5791015625,2780.466064453125
5150.4921875,5250.18603515625
1862.5439453125,1924.6566162109375
2839.93994140625,2730.248291015625
5264.671875,4912.82080078125
2621.632080078125,2677.947998046875
4010.216064453125,3997.682373046875
93.63999938964844,147.4644012451172
5162.078125,5162.03515625
601.2670288085938,894.0831909179688
113.51100158691406,119.84254455566406
4321.501953125,4305.2392578125
3305.736083984375,3161.694091796875
746.510986328125,676.4881591796875
835.0679931640625,881.4978637695312
0.0,17.986431121826172
3780.722900390625,3606.102294921875
3860.06396484375,3675.995849609375
2070.544921875,1847.9971923828125
5040.8720703125,5094.7607421875
3090.68603515625,3041.500732421875
3540.468994140625,3618.531982421875
4019.050048828125,4027.285888671875
5427.88916015625,5396.2822265625
5450.23193359375,5451.92236328125
5786.4619140625,5789.2890625
4112.8251953125,3698.1162109375
1155.7320556640625,947.2698974609375
483.56201171875,464.798828125
5228.7861328125,5086.50048828125
3302.5458984375,3333.495849609375
9.758000373840332,19.24362564086914
3902.471923828125,3905.453369140625
184.92999267578125,400.4424133300781
5160.88623046875,5161.822265625
3920.623046875,3928.152587890625
3532.988037109375,3660.325927734375
4103.13818359375,4076.971923828125
3961.02392578125,4059.29443359375
405.6130065917969,272.5837707519531
749.9099731445312,622.1132202148438
490.0360107421875,555.3667602539062
3367.673095703125,3214.008544921875
3030.2080078125,3139.504150390625
5671.9619140625,5667.376953125
2407.716064453125,2389.34716796875
2210.298095703125,2297.544677734375
3901.340087890625,3807.148193359375
3384.10791015625,3462.084228515625
2357.572021484375,2156.881591796875
3961.987060546875,3968.74755859375
2146.923095703125,2004.3984375
5737.72216796875,5735.263671875
4752.251953125,4747.50390625
2147.52197265625,2203.351806640625
4694.3310546875,4760.68505859375
1305.4930419921875,1385.075439453125
3265.886962890625,3150.664794921875
4693.837890625,4716.4189453125
3230.199951171875,3217.914306640625
4649.7099609375,4657.966796875
5342.40283203125,5372.224609375
109.02100372314453,338.47314453125
4011.251953125,4018.06591796875
1395.927001953125,999.338623046875
4188.2861328125,4139.8125
4312.9228515625,4316.1220703125
5233.81494140625,5201.791015625
4932.22119140625,4857.9736328125
4033.763916015625,4277.833984375
3861.614990234375,4184.55078125
3874.29296875,4478.693359375
4188.666015625,4101.55078125
4734.10986328125,4703.86328125
1650.10400390625,1699.9444580078125
5291.85205078125,5177.36279296875
1139.35400390625,1237.8126220703125
5241.5341796875,5244.4697265625
5017.4482421875,5016.6552734375
2836.3701171875,2769.733642578125
3746.009033203125,3871.136474609375
3283.6240234375,3280.475341796875
5692.84716796875,5723.33984375
5294.51123046875,5284.9541015625
2046.487060546875,1234.1937255859375
2939.330078125,2742.41796875
3676.30810546875,3649.444091796875
4287.59521484375,4328.30078125
4716.048828125,4638.43994140625
286.4590148925781,280.5681457519531
6.920000076293945,0.4027146100997925
5911.31005859375,5871.05126953125
2294.4609375,2605.543701171875
4201.955078125,4168.8134765625
1603.31005859375,1613.1483154296875
1429.81494140625,1396.6983642578125
3252.735107421875,3470.828369140625
4375.01123046875,4295.92919921875
3631.239013671875,2938.105224609375
964.864013671875,1023.6380004882812
621.0670166015625,526.2510986328125
4383.5458984375,4348.29052734375
4373.705078125,4129.857421875
39.84199905395508,41.60536575317383
676.4450073242188,749.0833740234375
4637.73388671875,4393.13134765625
1218.43505859375,1339.3109130859375
3176.39697265625,3304.816162109375
1136.6610107421875,997.51025390625
3044.554931640625,2868.210205078125
1706.2430419921875,934.43408203125
688.1829833984375,600.3255004882812
5434.89599609375,5425.56298828125
4143.7939453125,4117.3681640625
5924.4951171875,5857.4970703125
4498.61376953125,4488.2646484375
87.18900299072266,58.002567291259766
3644.676025390625,3574.480712890625
2835.323974609375,2376.806884765625
3475.677978515625,3467.299072265625
4153.4140625,4167.17578125
3385.866943359375,3251.377685546875
307.72698974609375,551.637451171875
2172.15087890625,2753.37646484375
338.6960144042969,362.3890075683594
4356.95703125,4363.8369140625
4105.75,3772.170166015625
4353.76708984375,4871.64794921875
2878.2099609375,2248.7822265625
2922.825927734375,2576.821533203125
4224.6767578125,4369.890625
1706.9429931640625,1348.57568359375
2293.174072265625,2350.59228515625
5217.14892578125,5129.4677734375
4820.67578125,4777.44091796875
4498.80517578125,4528.65869140625
4029.02197265625,3933.243896484375
4132.4580078125,3842.9521484375
1723.406005859375,1866.2203369140625
1705.1109619140625,1693.1175537109375
155.85499572753906,172.65550231933594
25.945999145507812,25.78866958618164
1348.1209716796875,1169.6068115234375
4961.2490234375,4953.26953125
907.6649780273438,1534.14111328125
2733.220947265625,2884.71337890625
1722.77001953125,1753.71630859375
2639.3330078125,3097.546142578125
4035.695068359375,4152.33935546875
2990.034912109375,2923.29345703125
4072.429931640625,3902.406494140625
4659.47314453125,4497.216796875
4135.341796875,4060.843017578125
2481.673095703125,2613.621826171875
2376.43603515625,2356.697021484375
4568.85205078125,4529.21142578125
1239.6419677734375,1305.62939453125
5559.10400390625,5546.8544921875
4232.419921875,4214.1923828125
941.8839721679688,1228.9530029296875
3778.75390625,3844.444091796875
2882.80810546875,2653.241455078125
2806.889892578125,2870.733154296875
8.454999923706055,13.512837409973145
627.8109741210938,555.267578125
8.437999725341797,23.02823257446289
4710.68701171875,4745.09033203125
3256.178955078125,3399.967529296875
2618.39111328125,3126.271484375
2698.1298828125,1980.7618408203125
8.35099983215332,-3.080653190612793
29.663000106811523,21.29654312133789
3890.326904296875,3873.895263671875
5468.27783203125,5487.21484375
5661.34521484375,5677.17138671875
3676.118896484375,3491.114013671875
5118.369140625,5117.2646484375
185.72999572753906,214.7095947265625
5072.7919921875,5355.7392578125
946.4970092773438,1468.5404052734375
2404.451904296875,2821.54052734375
2413.01708984375,2137.585693359375
4559.68896484375,4522.06396484375
1810.91796875,2161.056396484375
2101.70703125,2076.565185546875
3191.52392578125,3219.768798828125
2867.966064453125,2666.5537109375
3271.635986328125,3019.583251953125
2634.60693359375,2457.3544921875
2693.843994140625,3150.50341796875
2704.5380859375,2197.098388671875
3353.06396484375,3251.861572265625
3974.0458984375,4005.26025390625
8.899999618530273,10.493657112121582
3117.64892578125,3049.75341796875
3321.638916015625,3458.20166015625
4502.93310546875,4350.1103515625
4684.048828125,4491.84521484375
3967.0390625,4300.21240234375
2238.93896484375,3012.971923828125
3882.06689453125,3875.446044921875
3744.679931640625,3544.999755859375
2593.47802734375,2573.777099609375
685.4619750976562,601.4085083007812
3839.14208984375,3805.392333984375
2816.37109375,2505.160400390625
1287.7130126953125,1405.9852294921875
3476.326904296875,3367.71044921875
5879.787109375,5862.56494140625
3909.193115234375,3944.217529296875
233.10000610351562,387.9284973144531
5176.541015625,5140.33203125
2999.52099609375,2994.050537109375
3825.382080078125,3839.844482421875
6028.4130859375,5984.71484375
3187.01708984375,2889.565673828125
202.55499267578125,334.55279541015625
3232.7919921875,3549.953369140625
108.1520004272461,197.8564453125
1095.6600341796875,1385.5772705078125
5285.2998046875,5255.42041015625
571.0330200195312,972.2728271484375
186.73599243164062,226.62139892578125
95.54499816894531,107.5080337524414
3446.804931640625,2739.16162109375
2475.053955078125,2976.5859375
5143.85888671875,5067.20751953125
592.0969848632812,502.34417724609375
3964.614990234375,3799.950927734375
5458.1669921875,5223.5419921875
85.70999908447266,84.57669830322266
4518.0830078125,4551.8642578125
3887.116943359375,3878.722900390625
3679.2119140625,3789.523681640625
3496.35009765625,3457.232177734375
3904.736083984375,3889.69677734375
5555.8681640625,5550.375
112.41899871826172,399.48785400390625
3949.193115234375,3921.161865234375
4135.2939453125,4169.97900390625
4966.2138671875,5209.1689453125
1592.2030029296875,1647.52783203125
4951.55078125,4931.8515625
3854.35205078125,3838.6279296875
0.0,1.9769333600997925
2910.6640625,2960.6259765625
4495.9560546875,4495.779296875
4316.7119140625,4190.79443359375
4210.8798828125,4124.36474609375
3754.923095703125,4188.044921875
3996.887939453125,4037.426025390625
2786.321044921875,2808.38525390625
3687.9609375,3594.331298828125
431.43798828125,396.0127868652344
3072.430908203125,3242.063720703125
1513.5350341796875,1511.7401123046875
4111.83203125,4079.87744140625
1580.7640380859375,1485.6875
612.22900390625,654.0464477539062
1405.031005859375,1367.847412109375
4403.9208984375,4361.51171875
2048.705078125,1796.8006591796875
968.0709838867188,825.63818359375
4057.279052734375,4162.7373046875
2252.553955078125,2067.925048828125
2094.931884765625,2500.187255859375
377.9949951171875,323.6350402832031
3256.7890625,3199.283935546875
25.400999069213867,27.48282241821289
3161.330078125,2816.348876953125
70.1510009765625,122.92021179199219
4947.8671875,5023.0849609375
2346.092041015625,2386.43798828125
1560.9139404296875,2108.924560546875
3176.798095703125,3160.967041015625
58.00299835205078,44.54800796508789
4951.623046875,4918.7880859375
70.21900177001953,60.054988861083984
4875.708984375,4867.154296875
34.150001525878906,20.42770767211914
3338.2119140625,3396.9658203125
3514.1298828125,3133.696044921875
1031.1800537109375,965.0220336914062
5053.255859375,5020.4384765625
5302.3818359375,5256.1025390625
3573.985107421875,3728.605712890625
4219.98388671875,4163.25341796875
5689.8740234375,5642.7939453125
1983.2640380859375,2013.57373046875
2955.160888671875,2944.03515625
3856.1201171875,3620.295654296875
3462.257080078125,3381.454833984375
2725.70703125,2891.75439453125
4815.47705078125,4903.4619140625
2136.39990234375,2142.412841796875
1021.4829711914062,1135.4549560546875
4630.451171875,4622.5166015625
3756.575927734375,3460.771484375
5242.4970703125,5283.453125
5087.9599609375,5106.037109375
5581.1240234375,5597.2919921875
4952.77587890625,5071.630859375
4730.35107421875,4690.47265625
1687.2650146484375,1657.26708984375
3513.322998046875,3419.6826171875
3473.0029296875,3005.923583984375
4038.56298828125,3993.138916015625
2594.3798828125,2596.593505859375
3790.125,3803.6982421875
2007.7449951171875,1921.7113037109375
211.48300170898438,272.6953430175781
4882.1767578125,4925.056640625
2328.73095703125,2122.965087890625
2178.9140625,1901.6036376953125
4721.0888671875,4798.8515625
3352.906982421875,3745.654052734375
1384.6629638671875,1485.7000732421875
2973.197998046875,3021.450439453125
438.8349914550781,485.9591064453125
5360.17822265625,5383.66748046875
1346.470947265625,1372.4639892578125
3118.531982421875,3486.415283203125
3551.47607421875,3230.78759765625
2562.27392578125,2508.991943359375
1632.27001953125,2024.215576171875
4085.885009765625,4098.32177734375
4650.6708984375,4648.587890625
5453.31201171875,5487.029296875
1081.8709716796875,903.0579833984375
5253.90380859375,5209.037109375
25.93899917602539,23.627063751220703
5744.9970703125,5711.84814453125
5313.56884765625,5334.50341796875
1601.2130126953125,1652.1007080078125
1412.698974609375,1423.3184814453125
353.6759948730469,312.78460693359375
2268.801025390625,1911.4349365234375
328.7250061035156,370.2772521972656
138.33299255371094,187.7964630126953
4776.5888671875,4664.58349609375
212.4499969482422,377.45123291015625
2164.23291015625,2438.464111328125
3431.864013671875,3323.369873046875
5203.15380859375,5327.32470703125
5662.6669921875,5659.1728515625
1687.6590576171875,1864.6839599609375
5237.42578125,5246.0068359375
3189.6259765625,3444.947998046875
1513.136962890625,1291.530029296875
1184.9940185546875,1090.6666259765625
3095.89111328125,3146.47216796875
4184.3837890625,4197.25146484375
2454.26806640625,2499.837890625
3738.52587890625,3823.801025390625
56.49700164794922,40.14522933959961
3415.825927734375,2994.572021484375
4524.33984375,4853.169921875
845.2379760742188,1235.1131591796875
3298.861083984375,3496.79638671875
4275.05810546875,4465.0029296875
3169.3759765625,2980.97314453125
811.5670166015625,386.984375
2701.696044921875,2814.852783203125
3600.8369140625,3617.8515625
2681.1640625,3292.579833984375
4150.6337890625,4263.09912109375
4380.18212890625,4332.646484375
425.5660095214844,411.375
4306.81396484375,4360.7490234375
3967.319091796875,3939.016845703125
4111.419921875,4087.155029296875
3769.4609375,3909.80615234375
5275.458984375,5410.6689453125
3473.4169921875,3612.21240234375
4889.44921875,4719.7578125
4895.283203125,4863.5595703125
3968.360107421875,3998.447998046875
5156.06298828125,5167.2998046875
3206.568115234375,3160.315673828125
674.6229858398438,1170.7235107421875
1458.93798828125,1308.733642578125
4460.115234375,4469.455078125
3751.06103515625,3878.437744140625
5905.53515625,5967.6298828125
5537.248046875,5533.23095703125
5211.83203125,4896.8017578125
4825.27685546875,4814.58837890625
4282.3798828125,4246.8056640625
1751.2130126953125,2258.911376953125
3994.409912109375,3972.060546875
4545.76708984375,4617.8564453125
5571.4658203125,5513.8857421875
4850.09521484375,5035.00927734375
359.4570007324219,198.3582763671875
1558.0140380859375,1620.6995849609375
519.8679809570312,445.4562072753906
5112.98681640625,5151.048828125
2391.3701171875,2609.54931640625
2871.762939453125,2500.666748046875
5593.01123046875,5572.3330078125
4287.60107421875,4271.8349609375
2178.721923828125,2223.34912109375
5216.2431640625,5175.3095703125
3095.800048828125,2881.002685546875
4229.5400390625,4248.26220703125
834.6409912109375,897.8286743164062
4533.8388671875,4608.6142578125
4536.12109375,4324.54296875
2024.1820068359375,2276.571044921875
4448.759765625,4478.810546875
1538.218994140625,1624.764404296875
2733.10302734375,2868.922607421875
3241.81689453125,3560.50634765625
1133.0169677734375,1340.1844482421875
2627.837890625,2581.432861328125
391.8009948730469,491.4085693359375
4407.43505859375,3941.0576171875
5184.7568359375,5144.43359375
5545.52099609375,5569.86669921875
4588.97216796875,4566.4462890625
1853.8160400390625,2145.306640625
4256.8671875,4064.198486328125
99.71900177001953,91.14654541015625
303.66900634765625,328.70550537109375
2592.9140625,2676.269287109375
363.42498779296875,589.3095092773438
4872.59619140625,4842.39208984375
3157.906982421875,3159.892822265625
3362.15087890625,3188.871826171875
